,Team,Conference,Tempo-Adj,Tempo-Adj.Rank,Tempo-Raw,Tempo-Raw.Rank,Avg. Poss Length-Offense,Avg. Poss Length-Offense.Rank,Avg. Poss Length-Defense,Avg. Poss Length-Defense.Rank,Off. Efficiency-Adj,Off. Efficiency-Adj.Rank,Off. Efficiency-Raw,Off. Efficiency-Raw.Rank,Def. Efficiency-Adj,Def. Efficiency-Adj.Rank,Def. Efficiency-Raw,Def. Efficiency-Raw.Rank
0,Alabama,SEC,74.9,1,76.3,1,14.9,4,16.5,12,126.5,4,118.7,9,96.6,32,106.1,176
1,South Dakota,Sum,74.6,2,75.0,2,14.7,2,17.5,151,109.3,127,112.5,57,115.4,332,115.5,345
2,Cal Poly,BW,74.4,3,74.7,3,14.2,1,17.9,242,109.5,117,107.3,152,111.1,263,109.9,275
3,New Mexico,MWC,72.7,4,72.9,7,15.1,5,17.9,248,112.5,79,108.7,122,95.2,19,96.5,15
4,USC Upstate,BSth,72.7,5,73.5,5,15.4,10,17.1,58,98.4,318,98.7,319,115.9,339,116.3,350
5,Winthrop,BSth,72.6,6,73.8,4,15.5,11,16.9,42,108.3,144,110.2,89,108.3,211,107.0,198
6,Bryant,AE,72.4,7,73.1,6,16.0,25,16.8,29,106.7,178,109.6,102,105.5,148,101.3,68
7,CSUN,BW,72.3,8,72.8,9,15.2,6,17.6,178,109.1,129,109.4,109,104.0,112,101.2,66
8,Indiana St.,MVC,72.2,9,72.1,18,16.2,38,16.9,40,109.0,132,108.3,130,112.3,283,111.4,302
9,North Florida,ASun,72.2,10,72.6,12,15.7,16,17.4,125,109.5,118,110.2,88,117.4,350,116.7,353
10,UCF,B12,71.9,11,72.7,10,15.6,15,17.4,136,115.4,53,107.5,147,103.8,110,108.0,228
11,Western Kentucky,CUSA,71.6,12,72.8,8,15.4,9,17.4,129,103.4,234,100.4,305,103.1,98,102.3,83
12,Quinnipiac,MAAC,71.6,13,71.4,31,15.8,20,18.0,266,102.0,253,103.6,238,106.1,155,100.7,59
13,Grand Canyon,WAC,71.4,14,72.6,13,16.2,31,17.1,66,107.8,149,107.8,140,100.6,67,95.8,10
14,Oklahoma St.,B12,71.4,15,71.8,21,16.4,44,17.0,53,107.7,151,101.0,294,101.4,77,106.7,186
15,Akron,MAC,71.4,16,72.5,15,15.8,21,17.1,65,113.7,66,115.8,22,107.1,183,104.6,145
16,Arkansas Pine Bluff,SWAC,71.3,17,72.5,14,16.0,23,17.1,61,95.0,349,96.8,338,121.1,359,117.9,356
17,Illinois,B10,71.3,18,72.4,16,16.9,88,16.5,8,121.6,15,115.1,30,98.1,41,102.5,87
18,William & Mary,CAA,71.2,19,71.0,39,14.9,3,18.8,356,107.3,163,108.3,128,112.6,298,110.6,290
19,San Diego,WCC,71.0,20,71.8,22,16.6,60,16.9,37,99.4,301,98.0,329,110.6,255,111.9,314
20,Mercer,SC,71.0,21,71.6,25,15.6,12,17.8,234,99.2,304,101.6,281,107.2,188,106.1,177
21,Alabama A&M,SWAC,71.0,22,71.8,20,16.2,33,17.1,59,92.0,361,94.8,352,115.5,334,110.0,277
22,Kentucky,SEC,70.9,23,72.7,11,16.3,41,16.8,25,123.8,8,116.9,17,99.5,56,106.8,191
23,Dartmouth,Ivy,70.9,24,71.6,24,16.2,36,17.4,117,100.1,293,103.2,249,103.4,105,102.1,80
24,Samford,SC,70.9,25,71.5,28,15.7,18,17.6,177,112.5,77,113.7,42,108.1,206,105.9,172
25,Cornell,Ivy,70.9,26,72.1,19,15.3,8,18.1,299,114.9,61,116.1,20,111.5,273,109.2,257
26,Memphis,Amer,70.8,27,71.4,33,16.1,26,17.7,197,113.1,72,111.2,73,97.8,40,101.6,73
27,Southern Miss,SB,70.8,28,71.0,41,16.8,76,16.9,35,97.6,330,97.8,331,108.9,222,106.9,195
28,Buffalo,MAC,70.7,29,72.2,17,16.7,67,16.5,11,96.2,340,97.5,332,113.8,311,113.2,336
29,Columbia,Ivy,70.7,30,71.4,32,16.2,35,17.3,93,106.3,186,108.3,129,115.9,338,112.8,328
30,Belmont,MVC,70.5,31,70.3,58,16.2,34,17.8,230,112.3,83,111.6,65,108.9,223,108.9,251
31,Washington St.,WCC,70.5,32,71.5,26,16.1,28,17.6,186,111.6,92,109.5,107,107.7,196,109.5,263
32,Fresno St.,MWC,70.5,33,70.8,43,16.7,69,17.2,69,100.8,280,97.4,333,108.5,214,111.0,295
33,North Carolina,ACC,70.4,34,70.8,46,16.3,40,17.7,219,118.9,22,113.5,43,99.3,53,105.2,161
34,UT Rio Grande Valley,Slnd,70.4,35,70.8,48,16.4,48,17.4,131,104.7,211,104.9,204,110.9,261,108.4,238
35,Rhode Island,A10,70.4,36,71.0,42,16.4,51,17.5,159,108.1,146,107.5,148,107.2,187,105.0,156
36,Morgan St.,MEAC,70.4,37,71.7,23,16.6,59,16.8,23,101.6,267,104.8,209,117.0,347,113.8,337
37,UMBC,AE,70.4,38,71.0,40,15.2,7,18.6,347,106.5,179,107.3,151,117.9,355,112.0,315
38,Western Carolina,SC,70.3,39,71.1,37,17.1,114,16.6,13,95.2,345,93.6,359,112.3,287,112.2,319
39,Tennessee St.,OVC,70.3,40,71.3,35,16.7,75,16.7,16,102.2,250,104.4,221,109.5,230,103.0,96
42,Delaware,CAA,70.3,41,70.1,71,16.5,57,17.6,179,109.3,124,109.4,108,114.9,325,112.6,325
43,Kennesaw St.,CUSA,70.3,42,70.6,52,16.4,50,17.7,216,107.0,170,103.8,232,103.9,111,103.9,112
44,Ohio,MAC,70.3,43,71.5,27,15.6,13,18.0,278,106.0,193,109.6,103,109.1,228,107.4,208
45,Massachusetts,A10,70.2,44,70.7,49,16.7,70,17.3,105,102.3,248,100.4,306,106.4,168,105.4,163
46,Delaware St.,MEAC,70.2,45,71.3,34,17.0,94,16.7,21,101.7,265,104.7,210,114.2,316,109.2,256
47,Gonzaga,WCC,70.2,46,70.5,53,15.6,14,18.4,337,123.6,9,121.2,3,96.3,29,97.5,18
48,Sacred Heart,MAAC,70.2,47,70.2,62,16.2,32,17.8,225,104.7,212,106.7,164,112.7,302,107.4,206
49,Prairie View A&M,SWAC,70.1,48,71.4,29,16.9,85,16.8,30,95.5,343,98.1,328,117.7,353,114.7,342
50,St. John's,BE,70.1,49,70.4,55,15.8,19,18.3,315,113.9,65,110.1,93,87.5,1,92.1,2
51,Charleston,CAA,70.0,50,70.1,68,16.7,73,17.5,157,106.0,192,107.4,149,105.4,145,103.7,109
52,Howard,MEAC,69.9,51,70.8,45,17.1,110,16.6,15,103.7,229,105.9,181,116.9,346,113.1,334
53,Texas Southern,SWAC,69.9,52,71.2,36,16.3,43,17.2,72,96.6,337,98.4,323,106.2,159,100.8,63
54,UTSA,Amer,69.9,53,69.7,87,16.6,61,17.8,222,107.2,166,105.9,179,109.6,234,110.2,284
55,Arizona,B12,69.9,54,70.2,64,16.4,47,17.8,224,122.5,12,115.4,27,96.8,33,102.5,88
56,Penn St.,B10,69.8,55,71.0,38,16.2,37,17.6,189,114.7,62,111.2,72,101.0,74,103.6,106
57,Maryland,B10,69.8,56,70.8,47,16.1,29,18.0,261,118.1,28,114.9,33,91.8,6,94.8,8
58,Arkansas St.,SB,69.8,57,70.3,56,16.8,77,17.3,101,110.1,107,110.8,78,102.2,89,99.5,33
59,Purdue Fort Wayne,Horz,69.7,58,70.3,60,16.7,74,17.4,128,109.0,133,111.5,70,109.1,225,107.4,205
60,Florida,SEC,69.6,59,70.8,44,16.3,42,17.5,145,128.6,1,120.4,5,92.4,10,97.7,20
61,Lindenwood,OVC,69.6,60,69.9,83,16.8,81,17.7,202,94.1,354,96.0,344,108.8,220,104.5,141
62,Iowa,B10,69.5,61,71.4,30,15.7,17,17.8,235,119.6,19,114.9,35,106.8,173,111.4,303
63,Florida St.,ACC,69.5,62,70.3,59,16.1,30,18.0,289,108.8,138,105.4,189,100.3,61,103.2,102
64,Fordham,A10,69.5,63,70.2,65,17.2,124,16.8,26,106.4,181,103.3,247,111.7,277,110.8,293
65,Vanderbilt,SEC,69.4,64,70.2,63,16.5,58,17.7,195,117.9,30,113.0,48,101.8,83,106.2,179
66,Michigan,B10,69.4,65,70.6,51,15.9,22,18.1,300,116.0,47,109.8,100,93.7,14,100.2,44
67,Georgia Southern,SB,69.4,66,69.9,80,16.3,39,18.0,287,102.6,244,104.3,225,109.6,233,107.4,207
68,Abilene Christian,WAC,69.4,67,70.1,72,16.8,78,17.5,146,97.6,328,95.7,346,102.1,86,100.8,60
69,Arkansas,SEC,69.3,68,70.5,54,16.8,79,17.3,104,112.9,73,107.9,138,95.2,20,100.7,58
70,Youngstown St.,Horz,69.2,69,70.0,78,17.3,139,17.2,82,102.1,251,104.6,217,105.4,144,102.9,95
71,South Carolina St.,MEAC,69.1,70,70.7,50,17.3,134,16.6,14,102.6,245,106.5,168,105.0,135,100.6,55
72,New Orleans,Slnd,69.1,71,69.5,92,17.8,207,16.5,10,99.3,303,96.9,337,117.6,352,117.9,357
73,Fairleigh Dickinson,NEC,69.1,72,68.6,146,16.8,82,18.1,301,98.3,319,101.2,290,110.8,259,106.5,181
74,Illinois Chicago,MVC,69.1,73,68.7,141,17.1,117,17.8,232,106.9,172,105.7,182,107.8,197,108.1,229
75,Xavier,BE,69.1,74,69.5,100,16.4,46,18.0,274,115.5,52,111.6,67,98.3,44,101.4,69
76,Pepperdine,WCC,69.0,75,69.2,109,17.1,105,17.5,153,106.4,184,103.4,245,110.6,253,111.6,308
77,Bethune Cookman,SWAC,69.0,76,69.6,90,17.4,154,16.9,41,97.3,332,98.6,322,107.9,201,103.7,108
78,North Carolina A&T,CAA,69.0,77,69.1,112,17.4,152,17.3,91,96.9,335,98.2,326,113.3,308,111.2,300
79,Longwood,BSth,69.0,78,70.3,61,16.7,68,17.3,86,105.9,197,109.0,117,109.8,239,108.3,233
80,UAB,Amer,69.0,79,69.7,88,17.1,111,17.4,119,116.8,36,117.0,16,111.3,268,109.5,262
81,North Dakota,Sum,69.0,80,70.3,57,17.9,215,16.2,5,107.6,154,108.6,125,115.8,337,116.8,354
84,Gardner Webb,BSth,68.9,81,70.1,66,17.1,100,17.2,73,103.0,239,104.8,207,111.1,264,111.5,305
85,South Dakota St.,Sum,68.9,82,70.0,75,17.0,92,17.2,81,109.7,113,112.6,54,107.0,180,107.3,202
86,Miami OH,MAC,68.9,83,70.1,67,16.7,64,17.5,144,107.8,150,110.5,84,107.0,181,104.1,123
87,Georgia St.,SB,68.9,84,69.5,99,17.1,107,17.3,98,106.4,182,106.6,167,114.6,320,113.0,332
88,Green Bay,Horz,68.9,85,69.1,116,17.4,143,17.3,84,100.7,283,100.8,298,116.8,345,116.3,351
89,Southern Utah,WAC,68.9,86,70.0,76,17.8,209,16.2,4,98.1,323,95.8,345,109.3,229,107.5,210
90,Southeast Missouri,OVC,68.8,87,69.0,123,17.1,101,17.8,237,101.8,257,103.9,230,105.1,137,99.7,36
91,Santa Clara,WCC,68.8,88,70.0,77,16.8,84,17.6,171,115.8,49,114.5,37,101.7,81,102.7,91
92,Northern Illinois,MAC,68.8,89,70.1,70,17.2,119,16.9,34,94.3,353,95.0,350,112.4,291,112.0,316
93,Louisville,ACC,68.7,90,69.0,121,17.0,96,17.7,214,118.1,29,113.4,44,95.5,21,99.7,37
94,Utah,B12,68.7,91,69.1,111,16.8,80,17.7,217,112.4,81,108.3,127,101.7,82,104.5,138
95,UTEP,CUSA,68.7,92,68.8,136,17.1,109,17.7,198,105.2,210,103.0,251,104.9,132,104.3,130
96,Florida Atlantic,Amer,68.7,93,69.5,93,16.4,49,18.0,267,112.3,82,110.9,77,107.9,202,108.3,234
97,Northern Colorado,BSky,68.7,94,68.9,132,16.6,63,18.0,268,112.0,87,114.5,38,108.0,204,106.5,182
98,Bowling Green,MAC,68.7,95,69.9,82,17.3,131,16.9,44,98.9,311,102.9,255,109.8,238,107.6,212
99,UC Irvine,BW,68.7,96,69.6,91,17.6,180,16.8,27,107.5,157,107.2,154,95.1,18,94.5,6
100,Milwaukee,Horz,68.7,97,69.4,101,16.5,52,18.1,297,107.2,165,109.9,98,105.5,147,103.9,113
101,Marshall,SB,68.6,98,68.9,127,16.8,83,17.9,244,106.3,188,108.1,134,106.8,175,104.5,139
102,Rutgers,B10,68.6,99,69.5,97,16.9,89,17.7,203,115.1,60,108.9,119,104.3,124,109.7,269
103,Temple,Amer,68.6,100,69.3,106,17.6,165,17.1,64,110.0,109,109.5,105,110.6,254,109.6,266
104,Wichita St.,Amer,68.6,101,69.1,114,16.7,72,17.7,199,106.8,175,105.3,190,104.1,119,104.4,136
105,Iowa St.,B12,68.6,102,69.5,95,16.5,53,18.0,288,119.4,20,113.8,41,92.4,9,96.5,14
106,La Salle,A10,68.5,103,69.7,89,17.3,127,17.3,95,103.7,226,101.5,283,108.3,209,108.1,231
107,UMass Lowell,AE,68.5,104,69.3,105,17.4,145,17.4,124,108.6,141,109.2,113,114.9,323,109.0,252
108,Georgia Tech,ACC,68.5,105,69.1,115,17.6,178,17.3,87,107.7,152,104.6,218,100.5,65,103.7,110
109,Oklahoma,SEC,68.5,106,70.0,74,16.7,65,17.6,172,119.0,21,112.6,56,100.7,70,106.8,190
110,Le Moyne,NEC,68.5,107,68.4,158,17.4,144,17.7,204,101.2,275,102.1,272,121.8,361,116.0,347
111,Southern,SWAC,68.5,108,69.9,84,17.1,108,17.2,76,98.9,310,100.3,307,104.6,130,98.5,23
112,SMU,ACC,68.4,109,69.1,113,16.4,45,18.3,324,116.6,40,115.3,29,100.4,64,103.2,100
113,Portland St.,BSky,68.4,110,68.5,151,17.7,185,17.2,75,100.5,285,104.3,223,104.0,114,102.8,93
114,Queens,ASun,68.4,111,69.5,94,17.1,112,17.3,88,106.2,190,107.7,143,109.5,232,107.9,222
115,Arizona St.,B12,68.4,112,69.9,81,17.4,151,16.9,43,112.5,78,104.1,227,101.3,75,107.9,224
116,Kansas,B12,68.3,113,69.2,110,16.6,62,18.0,273,116.0,48,109.0,116,92.7,11,98.8,27
117,FIU,CUSA,68.3,114,69.3,107,16.7,71,17.9,247,96.6,338,96.3,342,104.1,120,104.0,118
118,Jackson St.,SWAC,68.3,115,70.1,73,18.3,273,15.8,2,100.3,290,100.7,300,106.9,178,104.5,143
119,Portland,WCC,68.3,116,69.0,124,17.7,186,17.1,62,105.8,201,102.4,266,114.7,321,116.0,346
120,Middle Tennessee,CUSA,68.2,117,68.9,129,17.1,106,17.8,220,109.1,128,106.3,170,104.8,131,104.1,125
121,Chicago St.,NEC,68.2,118,69.0,122,17.6,175,17.0,48,91.8,362,90.2,361,116.2,341,112.9,330
122,South Florida,Amer,68.2,119,69.8,85,16.1,27,18.1,294,103.5,232,104.3,224,106.3,166,107.0,200
123,Georgetown,BE,68.2,120,68.3,164,17.0,93,18.3,323,108.3,143,104.8,206,99.5,55,100.9,64
126,Missouri,SEC,68.2,121,70.0,79,16.5,55,17.6,174,125.3,5,120.4,6,100.9,73,105.1,158
127,USC,B10,68.2,122,69.1,118,17.7,189,17.3,100,116.6,38,110.3,86,103.7,108,108.6,242
128,Syracuse,ACC,68.1,123,68.8,139,18.5,284,16.4,6,110.3,104,106.0,177,105.9,153,110.8,294
129,Mississippi St.,SEC,68.1,124,69.7,86,16.5,54,17.7,210,118.7,23,113.2,47,98.6,47,105.0,157
130,VMI,SC,68.1,125,68.0,177,17.7,196,17.3,106,100.2,291,101.3,289,110.8,257,110.7,291
131,Nicholls,Slnd,68.1,126,68.3,165,17.3,137,17.6,165,105.6,203,104.7,211,106.4,167,104.1,128
132,UNC Asheville,BSth,68.1,127,70.1,69,17.6,179,16.5,9,109.0,135,110.8,79,112.1,279,111.7,309
133,Cal St. Fullerton,BW,68.1,128,68.9,128,17.5,158,17.2,74,93.8,355,90.6,360,112.2,282,114.0,339
134,Iona,MAAC,68.0,129,68.6,145,17.9,211,17.0,56,98.6,317,101.2,292,106.5,169,101.9,76
135,Mississippi,SEC,68.0,130,69.3,102,16.9,87,17.7,209,117.8,31,110.7,82,95.8,25,102.6,89
136,Valparaiso,MVC,68.0,131,68.1,174,16.9,86,18.4,335,105.8,200,105.3,195,109.7,235,109.4,259
137,West Georgia,ASun,68.0,132,68.9,126,18.0,232,17.0,47,96.8,336,98.4,324,115.1,328,114.5,341
138,Toledo,MAC,67.9,133,69.5,98,17.0,95,17.5,150,112.0,88,111.5,68,118.1,356,116.6,352
139,Utah Valley,WAC,67.9,134,68.8,138,17.1,104,17.8,223,106.7,177,107.1,156,102.2,90,99.2,31
140,LSU,SEC,67.9,135,69.5,96,17.3,129,17.3,90,109.0,134,104.8,208,100.3,62,104.9,151
141,Indiana,B10,67.9,136,69.1,117,17.1,115,17.6,176,113.6,68,107.7,142,97.4,38,103.9,115
142,Southern Illinois,MVC,67.9,137,68.1,176,17.1,102,17.9,253,105.6,204,105.1,201,108.3,210,109.7,267
143,Saint Joseph's,A10,67.9,138,68.3,163,17.3,142,17.8,228,110.9,97,109.7,101,100.8,72,99.8,40
144,St. Thomas,Sum,67.8,139,69.3,103,17.3,135,17.3,99,113.6,69,117.3,13,110.1,244,109.3,258
145,Western Michigan,MAC,67.8,140,69.3,104,17.9,220,16.7,17,101.4,273,103.3,248,112.4,289,111.0,297
146,Robert Morris,Horz,67.8,141,68.7,142,18.1,246,16.9,39,107.0,171,110.1,92,104.9,134,101.5,71
147,Alabama St.,SWAC,67.7,142,69.1,120,16.7,66,17.9,260,101.4,270,104.0,228,110.6,256,104.2,129
148,San Francisco,WCC,67.7,143,69.0,125,17.9,217,16.8,28,111.7,91,110.1,95,99.0,51,100.4,50
149,Michigan St.,B10,67.7,144,69.2,108,17.3,132,17.5,149,118.1,27,112.5,58,90.6,5,96.8,16
150,Nebraska Omaha,Sum,67.7,145,69.1,119,17.3,141,17.3,92,111.0,96,112.5,59,110.5,252,109.8,273
151,Tennessee Tech,OVC,67.7,146,68.5,152,17.2,121,17.6,190,100.8,281,102.6,263,113.1,306,107.3,204
152,Coppin St.,MEAC,67.7,147,68.9,131,17.3,138,17.3,94,87.3,363,88.7,363,111.6,275,111.3,301
153,Louisiana Monroe,SB,67.6,148,68.0,181,17.9,216,17.4,116,96.1,341,96.4,341,114.4,319,112.4,324
154,Colorado,B12,67.6,149,68.2,168,17.7,182,17.5,143,108.8,137,101.9,278,99.3,52,104.3,132
155,Washington,B10,67.6,150,68.5,150,17.8,201,17.4,115,109.1,130,103.4,243,104.0,116,110.0,278
156,Oregon,B10,67.6,151,68.6,144,17.1,99,17.9,258,116.6,39,110.0,96,96.5,31,102.4,85
157,Wisconsin,B10,67.6,152,68.6,143,17.7,194,17.4,133,122.0,13,115.8,21,96.0,27,102.3,82
158,Auburn,SEC,67.6,153,68.9,135,17.3,130,17.7,211,128.4,2,121.0,4,93.4,12,100.8,61
159,Stetson,ASun,67.6,154,68.8,137,18.0,239,16.9,36,99.4,302,100.7,301,118.7,358,118.0,358
160,Eastern Kentucky,ASun,67.6,155,68.0,182,17.6,170,17.5,137,109.6,115,110.8,80,111.4,270,110.1,281
161,Marquette,BE,67.6,156,68.1,172,16.0,24,18.9,359,117.7,32,112.2,62,96.1,28,100.3,46
162,Sam Houston St.,CUSA,67.5,157,68.1,175,17.9,212,17.4,135,110.3,105,106.0,178,111.3,267,111.9,311
163,Army,PL,67.5,158,67.6,195,17.6,166,17.7,215,99.8,297,103.0,252,114.3,317,110.6,289
164,Utah St.,MWC,67.5,159,67.3,217,16.5,56,19.0,362,120.7,17,118.7,10,105.5,149,105.0,154
165,UT Arlington,WAC,67.5,160,68.5,153,16.9,90,18.2,310,107.3,161,105.3,192,112.3,286,109.0,253
168,California,ACC,67.5,161,67.9,185,18.0,227,17.3,89,111.3,94,108.1,132,106.6,170,109.9,274
169,Albany,AE,67.5,162,68.4,161,17.3,126,17.8,231,103.2,235,106.4,169,112.3,285,107.8,218
170,Manhattan,MAAC,67.4,163,67.4,208,18.0,224,17.7,200,108.5,142,110.1,94,114.3,318,108.4,235
171,Miami FL,ACC,67.4,164,67.6,196,17.4,148,18.1,296,113.5,70,108.6,124,116.0,340,118.5,359
172,Wright St.,Horz,67.4,165,68.1,173,17.1,113,18.0,275,109.5,120,111.1,75,114.1,315,112.1,317
173,Utah Tech,WAC,67.4,166,68.5,148,17.7,181,17.3,108,101.7,262,99.3,315,113.5,309,111.5,307
174,Butler,BE,67.4,167,67.3,216,18.6,297,17.0,49,116.1,45,109.5,104,105.6,151,109.5,264
175,Jacksonville,ASun,67.4,168,68.4,160,17.6,176,17.4,118,101.7,263,104.2,226,103.2,99,103.9,114
176,Stephen F. Austin,Slnd,67.4,169,67.3,214,18.0,229,17.4,134,95.1,348,94.8,353,104.6,128,101.8,75
177,Mount St. Mary's,MAAC,67.4,170,67.5,204,17.6,167,18.0,283,100.1,292,101.6,282,106.8,176,102.1,78
178,Texas A&M Corpus Chris,Slnd,67.4,171,67.5,199,17.6,163,17.7,212,106.0,195,107.2,153,105.7,152,103.7,107
179,Texas,SEC,67.4,172,68.4,157,17.2,122,17.9,245,116.7,37,112.9,50,99.5,57,104.1,126
180,Nebraska,B10,67.3,173,68.9,134,17.3,128,17.6,162,113.2,71,107.6,145,98.4,45,104.0,119
181,Saint Louis,A10,67.3,174,68.0,179,17.0,97,18.0,281,109.3,125,107.4,150,104.2,121,104.7,150
182,New Hampshire,AE,67.3,175,68.4,156,18.1,243,16.9,33,93.8,356,94.9,351,115.4,331,112.4,323
183,Northeastern,CAA,67.3,176,67.1,228,17.7,190,18.0,279,103.6,230,104.5,219,107.3,190,104.0,120
184,East Texas A&M,Slnd,67.3,177,67.8,188,18.2,255,17.0,55,96.5,339,94.7,354,111.6,274,110.1,280
185,Charleston Southern,BSth,67.3,178,68.9,130,18.0,225,16.8,24,99.7,300,100.6,302,111.6,276,113.0,333
186,Lehigh,PL,67.2,179,66.8,244,17.5,156,18.4,336,100.6,284,101.9,276,110.8,260,107.5,211
187,BYU,B12,67.2,180,67.8,189,17.2,118,18.1,302,123.0,11,117.2,14,100.6,68,102.8,92
188,Bucknell,PL,67.2,181,67.5,200,17.8,198,17.7,201,102.7,243,105.1,200,107.6,195,103.4,103
189,Oral Roberts,Sum,67.2,182,68.1,169,17.9,219,17.3,102,102.8,240,103.7,235,117.7,354,119.8,361
190,Siena,MAAC,67.2,183,67.6,198,18.5,283,17.1,63,102.8,241,105.3,194,110.2,245,105.1,159
191,Yale,Ivy,67.2,184,68.8,140,17.6,172,17.2,68,115.1,59,117.7,12,104.0,117,102.3,84
192,Eastern Michigan,MAC,67.2,185,68.2,166,17.6,164,17.6,192,104.3,217,106.3,171,114.0,313,111.9,312
193,Colgate,PL,67.2,186,66.7,252,17.5,159,18.3,317,104.6,213,106.1,174,112.6,295,108.4,236
194,Loyola Marymount,WCC,67.1,187,68.4,159,16.9,91,18.2,314,104.1,220,102.7,258,103.6,107,105.3,162
195,Central Michigan,MAC,67.1,188,68.5,155,17.3,133,17.7,205,105.3,207,105.5,186,108.4,212,107.8,217
196,Florida A&M,SWAC,67.1,189,68.5,154,17.8,203,17.4,110,101.5,269,100.8,299,115.2,329,111.1,298
197,Wake Forest,ACC,67.1,190,67.9,186,18.0,230,17.3,96,108.2,145,103.5,242,97.0,35,100.2,45
198,UC Riverside,BW,67.1,191,68.1,171,18.0,223,17.2,67,110.1,106,108.2,131,108.5,215,108.9,249
199,Creighton,BE,67.0,192,67.6,192,17.6,174,17.6,193,116.9,34,110.8,81,98.2,42,102.2,81
200,Montana,BSky,67.0,193,67.5,203,17.6,177,17.9,257,110.8,98,111.6,66,110.4,250,110.2,286
201,Monmouth,CAA,67.0,194,67.3,213,18.2,260,17.5,156,103.9,224,103.4,244,112.4,294,110.4,288
202,Ohio St.,B10,67.0,195,68.6,147,18.1,244,17.2,83,117.6,33,111.9,64,99.3,54,104.7,148
203,Kansas St.,B12,67.0,196,67.9,183,17.7,192,17.7,207,109.4,122,103.6,237,97.1,36,102.4,86
204,Detroit Mercy,Horz,66.9,197,67.6,197,17.9,213,17.6,169,95.1,347,96.2,343,112.1,280,111.5,306
205,Navy,PL,66.9,198,66.7,249,17.9,214,17.8,226,102.3,249,104.7,212,111.4,271,106.3,180
206,Southern Indiana,OVC,66.9,199,68.1,170,17.4,155,17.5,142,98.2,320,100.8,297,114.8,322,109.1,255
207,Southeastern Louisiana,Slnd,66.9,200,67.2,221,17.8,200,17.8,229,104.6,214,105.3,193,107.3,192,104.3,133
210,Saint Francis,NEC,66.9,201,66.6,254,18.1,247,17.9,252,99.7,299,100.2,310,112.4,293,107.9,223
211,UC Davis,BW,66.9,202,68.3,162,17.4,153,17.6,183,97.1,334,96.8,339,103.6,106,104.0,121
212,Little Rock,OVC,66.9,203,67.9,184,18.2,257,16.9,38,99.1,306,100.3,308,104.2,122,98.6,25
213,Loyola Chicago,A10,66.9,204,67.3,212,17.6,168,18.0,276,107.4,160,106.6,166,102.3,91,101.6,72
214,DePaul,BE,66.9,205,67.6,194,18.6,292,16.9,32,109.6,116,105.2,199,105.3,140,107.9,221
215,Northern Arizona,BSky,66.8,206,67.1,229,18.2,252,17.5,155,104.2,219,107.8,141,110.8,258,108.7,245
216,Eastern Washington,BSky,66.8,207,67.8,190,17.4,146,18.0,290,101.8,261,102.6,262,112.8,304,112.7,326
217,Penn,Ivy,66.8,208,67.5,205,18.2,251,17.2,80,103.9,222,102.5,264,114.9,324,114.1,340
218,Evansville,MVC,66.8,209,66.9,240,18.0,235,17.5,161,98.2,321,97.1,334,106.3,164,106.9,193
219,North Carolina Central,MEAC,66.8,210,68.9,133,17.2,123,17.6,175,102.7,242,105.5,185,117.1,348,112.8,329
220,George Washington,A10,66.7,211,67.0,231,17.8,206,18.0,263,108.0,148,107.6,146,103.3,103,100.4,52
221,Boston College,ACC,66.7,212,66.9,237,18.0,226,17.9,251,105.4,206,102.4,268,107.2,185,110.0,276
222,Tulane,Amer,66.6,213,67.7,191,17.3,136,18.0,282,108.8,140,109.1,115,106.6,171,105.0,155
223,East Carolina,Amer,66.6,214,67.3,219,17.4,149,18.4,338,106.8,173,107.9,137,107.9,203,107.6,213
224,North Alabama,ASun,66.5,215,67.2,224,18.1,248,17.5,160,111.9,89,115.5,26,107.0,182,104.7,149
225,Loyola MD,PL,66.5,216,66.7,251,18.4,282,17.5,141,100.4,287,102.8,257,112.8,305,107.7,215
226,TCU,B12,66.5,217,67.1,230,17.7,188,18.4,331,105.8,199,100.3,309,97.0,34,102.1,79
227,Chattanooga,SC,66.4,218,67.4,210,17.8,205,18.0,284,115.2,58,115.3,28,110.2,246,107.8,220
228,NJIT,AE,66.4,219,66.8,241,18.6,296,17.2,79,93.2,358,95.1,349,113.5,310,110.2,283
229,Princeton,Ivy,66.4,220,68.0,180,18.0,233,17.2,77,105.3,208,106.0,176,106.7,172,106.5,184
230,Georgia,SEC,66.4,221,68.5,149,17.8,208,17.4,109,115.4,54,110.2,91,96.0,26,101.2,67
231,High Point,BSth,66.4,222,67.2,226,17.6,173,18.0,269,118.5,25,121.3,2,109.1,227,105.0,153
232,Pacific,WCC,66.4,223,67.9,187,18.6,287,16.7,20,101.4,271,99.5,314,111.7,278,112.9,331
233,Denver,Sum,66.4,224,68.0,178,18.6,295,16.7,18,98.7,316,101.5,284,111.2,266,112.2,320
234,Ball St.,MAC,66.4,225,68.2,167,18.2,254,17.0,46,103.4,233,107.1,155,112.8,303,109.5,261
235,Norfolk St.,MEAC,66.3,226,67.4,211,18.0,236,17.8,221,107.1,168,110.3,87,108.7,217,104.7,147
236,San Jose St.,MWC,66.3,227,66.7,248,18.9,315,17.0,52,107.3,162,103.7,236,107.4,193,109.4,260
237,Central Arkansas,ASun,66.3,228,67.4,209,18.2,268,17.2,70,97.6,327,99.2,316,115.8,336,115.3,344
238,Troy,SB,66.3,229,66.8,243,18.2,256,17.6,167,107.7,153,108.6,126,100.8,71,98.9,30
239,Idaho,BSky,66.2,230,66.7,250,18.0,231,17.7,206,107.3,164,107.9,139,116.7,344,114.7,343
240,Providence,BE,66.2,231,66.6,255,18.0,240,18.0,264,112.1,86,106.9,160,105.1,136,108.4,237
241,Tennessee Martin,OVC,66.2,232,66.8,242,18.0,222,17.8,238,101.7,264,102.4,267,112.7,301,106.9,194
242,Pittsburgh,ACC,66.2,233,66.9,238,17.6,171,18.3,318,115.7,50,112.4,60,102.1,85,105.4,167
243,Tulsa,Amer,66.2,234,67.3,220,18.2,253,17.4,120,101.4,272,102.3,269,110.0,242,108.4,239
244,Louisiana,SB,66.2,235,66.4,268,17.9,218,18.1,295,97.7,326,97.0,336,111.2,265,109.7,271
245,Bellarmine,ASun,66.1,236,67.2,225,18.2,265,17.4,114,103.8,225,104.6,216,121.4,360,120.1,362
246,Texas A&M,SEC,66.1,237,67.5,202,17.1,116,18.3,321,116.2,44,109.4,110,92.1,7,99.5,34
247,Eastern Illinois,OVC,66.1,238,67.0,233,18.1,242,17.6,166,93.5,357,94.3,356,106.9,177,104.0,116
248,Canisius,MAAC,66.1,239,66.2,276,18.4,280,17.6,184,99.0,309,98.0,330,121.9,362,118.6,360
249,Lafayette,PL,66.1,240,65.9,293,18.2,264,18.2,313,98.1,324,101.9,277,108.7,218,104.4,135
252,VCU,A10,66.1,241,66.4,269,17.2,120,18.8,355,116.3,41,115.1,31,95.7,23,94.1,5
253,Northern Kentucky,Horz,66.1,242,66.8,245,17.1,103,18.7,352,102.6,246,103.9,229,108.3,208,106.8,189
254,Austin Peay,ASun,66.1,243,66.9,236,18.2,261,17.3,107,101.8,259,103.5,241,111.1,262,111.9,313
255,Kent St.,MAC,66.0,244,67.6,193,18.1,249,17.5,154,105.4,205,107.0,158,102.8,96,100.5,54
256,San Diego St.,MWC,66.0,245,66.2,278,18.1,241,18.4,342,109.8,111,105.0,203,93.5,13,96.3,13
257,Stanford,ACC,66.0,246,67.0,234,18.2,266,17.5,158,112.1,85,109.2,112,102.6,95,105.4,165
258,Fairfield,MAAC,66.0,247,66.5,263,17.5,157,18.5,343,98.2,322,100.0,312,114.1,314,110.1,282
259,Cal St. Bakersfield,BW,66.0,248,67.2,223,18.7,299,17.0,57,106.3,185,105.9,180,112.4,288,111.1,299
260,Idaho St.,BSky,66.0,249,66.7,253,19.4,339,16.9,31,105.9,198,108.0,136,109.7,236,107.8,219
261,Old Dominion,SB,66.0,250,66.2,274,17.7,187,18.4,339,100.1,295,101.0,296,110.4,251,108.9,250
262,Holy Cross,PL,66.0,251,65.9,292,18.6,294,17.7,213,101.8,260,103.2,250,115.7,335,111.0,296
263,Colorado St.,MWC,65.9,252,66.3,271,17.7,183,18.4,329,116.2,43,112.6,53,98.9,49,100.3,47
264,Furman,SC,65.9,253,66.5,262,18.3,270,17.6,164,109.6,114,110.6,83,107.3,191,105.6,169
265,Texas St.,SB,65.9,254,66.8,247,18.3,275,17.5,148,109.4,121,109.2,114,112.4,290,108.8,248
266,Seattle,WAC,65.9,255,67.5,201,18.0,221,17.4,126,104.0,221,102.1,273,102.4,92,100.1,42
267,Davidson,A10,65.9,256,66.3,270,17.8,199,18.4,333,109.7,112,108.7,121,108.2,207,107.7,216
268,Lipscomb,ASun,65.9,257,67.3,218,17.6,162,17.9,250,112.7,75,115.5,25,103.2,100,100.7,57
269,Maine,AE,65.9,258,66.5,264,17.5,160,18.4,330,100.1,294,103.6,239,104.4,126,100.4,49
270,Dayton,A10,65.9,259,66.1,281,18.3,269,18.1,305,115.6,51,112.2,63,104.6,129,105.4,164
271,Hawaii,BW,65.8,260,66.9,239,18.5,285,17.4,123,103.1,236,102.6,260,107.8,199,106.7,185
272,SIUE,OVC,65.8,261,67.2,227,17.6,169,17.9,255,101.9,255,104.6,214,106.2,160,100.4,48
273,Campbell,CAA,65.8,262,66.2,277,17.3,140,18.8,357,101.6,268,103.7,234,106.1,157,104.3,134
274,Montana St.,BSky,65.8,263,66.6,260,17.7,191,18.4,334,105.3,209,106.1,175,107.3,189,106.0,173
275,Brown,Ivy,65.8,264,67.3,215,17.3,125,18.1,303,103.1,237,104.4,222,106.8,174,105.7,170
276,Central Connecticut,NEC,65.7,265,66.1,283,17.7,195,18.5,344,99.7,298,105.0,202,101.5,78,94.8,7
277,Duke,ACC,65.7,266,66.6,256,17.0,98,19.1,364,128.0,3,124.3,1,89.8,4,93.1,3
278,Illinois St.,MVC,65.7,267,66.1,288,18.8,305,17.5,138,111.9,90,112.6,52,109.9,241,109.7,268
279,UNLV,MWC,65.7,268,66.0,289,17.8,210,18.3,326,107.5,156,104.8,205,100.0,59,103.1,97
280,Binghamton,AE,65.7,269,66.4,267,19.3,331,16.7,19,98.8,313,102.0,274,112.7,300,108.6,243
281,Cal Baptist,WAC,65.7,270,67.4,206,17.8,204,17.9,241,105.8,202,104.4,220,106.1,156,102.6,90
282,UC San Diego,BW,65.6,271,66.9,235,17.4,147,18.4,340,115.2,57,116.4,19,96.5,30,93.8,4
283,Weber St.,BSky,65.6,272,65.9,295,18.6,289,17.7,196,101.1,276,102.5,265,112.6,299,112.1,318
284,Bradley,MVC,65.6,273,66.2,279,17.4,150,18.6,350,111.5,93,112.9,49,104.4,125,103.8,111
285,Maryland Eastern Shore,MEAC,65.5,274,67.4,207,18.3,274,17.1,60,95.8,342,94.4,355,118.4,357,117.6,355
286,Hampton,CAA,65.5,275,66.0,290,19.1,326,17.4,111,103.7,227,105.2,197,107.8,200,106.7,187
287,Harvard,Ivy,65.5,276,67.0,232,17.8,197,17.9,249,101.2,274,101.5,285,108.9,221,107.6,214
288,Tarleton St.,WAC,65.5,277,67.2,222,19.7,354,15.8,1,93.0,359,89.8,362,103.4,104,104.5,140
289,Sacramento St.,BSky,65.5,278,65.7,301,18.4,279,18.0,265,95.3,344,96.5,340,113.2,307,111.8,310
290,UC Santa Barbara,BW,65.4,279,66.5,261,18.3,272,17.6,181,108.8,139,109.8,99,107.2,186,104.3,131
291,Cincinnati,B12,65.4,280,66.1,284,18.1,245,18.1,308,110.5,100,106.3,172,95.7,24,99.7,39
294,Texas Tech,B12,65.4,281,66.4,266,18.0,238,18.0,262,125.3,6,119.9,7,97.2,37,100.0,41
295,Lamar,Slnd,65.4,282,65.8,299,18.0,234,17.9,259,102.0,254,102.3,270,102.2,87,101.2,65
296,McNeese,Slnd,65.3,283,65.8,297,17.6,161,18.6,346,114.3,63,114.4,39,100.6,66,97.6,19
297,Liberty,CUSA,65.3,284,66.4,265,18.6,290,17.3,103,112.5,80,111.5,69,98.9,48,96.9,17
298,UNC Wilmington,CAA,65.3,285,66.3,273,18.4,277,17.6,182,112.3,84,114.7,36,107.1,184,104.5,142
299,Rice,Amer,65.3,286,65.9,294,18.1,250,18.1,307,106.3,187,106.2,173,108.6,216,106.1,174
300,South Carolina,SEC,65.3,287,66.8,246,18.5,286,17.5,152,110.4,102,103.8,231,98.9,50,106.1,175
301,Cleveland St.,Horz,65.3,288,66.1,287,18.8,309,17.4,122,103.7,228,105.2,196,104.1,118,101.7,74
302,Duquesne,A10,65.2,289,65.4,310,18.6,288,18.1,293,106.1,191,103.8,233,103.2,101,103.2,99
303,N.C. State,ACC,65.2,290,65.8,298,17.7,193,18.6,345,107.6,155,105.2,198,103.8,109,107.0,197
304,Boise St.,MWC,65.2,291,65.7,302,18.7,302,18.0,271,116.0,46,112.6,55,100.0,60,100.5,53
305,Florida Gulf Coast,ASun,65.2,292,65.7,305,18.2,262,18.3,316,108.1,147,110.2,90,108.8,219,106.5,183
306,Virginia Tech,ACC,65.1,293,66.1,286,18.6,293,17.7,208,106.4,180,103.3,246,106.2,161,109.7,270
307,Elon,CAA,65.1,294,65.3,315,19.3,333,17.6,173,107.4,158,108.8,120,110.4,249,107.5,209
308,Niagara,MAAC,65.0,295,64.8,330,18.9,317,18.1,292,101.1,277,103.0,253,115.2,330,109.5,265
309,East Tennessee St.,SC,65.0,296,65.5,306,18.3,271,18.2,312,106.8,176,109.5,106,104.9,133,103.2,101
310,Purdue,B10,65.0,297,66.6,257,18.6,291,17.6,168,124.2,7,117.0,15,100.4,63,106.8,192
311,Northern Iowa,MVC,64.9,298,65.2,320,17.8,202,18.8,358,109.8,110,111.3,71,104.0,115,103.5,104
312,Northwestern,B10,64.9,299,66.1,282,18.4,278,18.1,304,113.9,64,108.1,133,97.5,39,103.1,98
313,Stonehill,NEC,64.9,300,65.7,300,18.8,308,17.5,139,100.8,282,102.8,256,115.0,327,108.0,225
314,UCLA,B10,64.9,301,66.6,259,18.0,228,18.2,311,116.8,35,112.4,61,95.1,17,98.9,29
315,North Dakota St.,Sum,64.8,302,66.6,258,19.0,322,17.2,71,115.4,55,119.1,8,112.6,297,112.3,322
316,James Madison,SB,64.8,303,65.2,321,18.9,316,17.8,240,110.4,101,109.9,97,110.3,248,108.5,240
317,Murray St.,MVC,64.8,304,65.3,316,19.1,325,17.4,112,106.4,183,105.6,184,104.5,127,104.7,146
318,Charlotte,Amer,64.8,305,65.4,314,18.9,312,17.9,243,104.5,215,105.4,188,112.3,284,112.8,327
319,New Mexico St.,CUSA,64.8,306,66.2,275,18.7,301,17.7,218,104.3,218,102.0,275,101.3,76,100.8,62
320,IU Indy,Horz,64.8,307,65.9,291,19.0,321,17.4,127,109.5,119,109.3,111,122.9,363,120.3,363
321,LIU,NEC,64.8,308,65.1,325,19.1,327,17.6,170,94.9,352,99.0,317,105.2,139,99.7,35
322,Rider,MAAC,64.8,309,65.3,317,19.2,328,17.4,130,101.7,266,102.7,259,115.0,326,110.3,287
323,Jacksonville St.,CUSA,64.8,310,65.4,312,19.3,332,17.3,97,109.3,126,107.6,144,105.4,142,105.6,168
324,Mississippi Valley St.,SWAC,64.8,311,66.1,280,19.5,343,16.4,7,82.6,364,79.4,364,124.8,364,124.6,364
325,Houston Christian,Slnd,64.7,312,64.9,328,18.8,306,18.0,286,100.5,286,99.6,313,110.1,243,108.0,227
326,Notre Dame,ACC,64.7,313,65.4,313,19.3,337,17.5,147,111.3,95,108.0,135,104.2,123,108.0,226
327,Mercyhurst,NEC,64.7,314,64.5,341,19.6,347,17.6,187,98.7,314,100.6,304,116.6,342,110.1,279
328,Alcorn St.,SWAC,64.6,315,66.3,272,19.2,329,16.7,22,97.6,331,98.4,325,112.2,281,108.7,244
329,Wyoming,MWC,64.6,316,65.2,318,19.7,351,17.0,54,103.6,231,100.6,303,105.5,150,108.1,230
330,George Mason,A10,64.5,317,65.1,326,18.7,298,18.3,322,106.0,196,105.5,187,95.6,22,95.7,9
331,The Citadel,SC,64.5,318,65.5,307,19.0,323,17.3,85,94.9,350,95.2,348,116.7,343,116.3,349
332,Baylor,B12,64.5,319,65.4,311,18.4,281,18.1,298,120.8,16,113.2,46,99.7,58,104.9,152
333,Kansas City,Sum,64.5,320,65.7,304,19.6,348,17.0,51,100.4,289,103.5,240,106.3,163,107.2,201
336,Seton Hall,BE,64.4,321,64.7,331,18.9,318,18.0,291,98.7,315,93.9,358,102.2,88,106.7,188
337,Merrimack,MAAC,64.4,322,64.7,334,18.0,237,19.0,361,99.9,296,101.0,295,102.0,84,98.7,26
338,Louisiana Tech,CUSA,64.4,323,65.8,296,18.7,303,17.7,194,108.9,136,106.7,163,105.2,138,104.0,117
339,Air Force,MWC,64.4,324,64.7,333,19.8,357,17.0,45,98.9,312,95.3,347,111.4,272,113.1,335
340,Stony Brook,CAA,64.4,325,64.6,338,19.4,341,17.6,180,101.9,256,101.8,280,117.6,351,116.1,348
341,St. Bonaventure,A10,64.3,326,65.1,322,18.2,259,18.4,341,106.3,189,105.6,183,100.6,69,100.1,43
342,Clemson,ACC,64.2,327,65.1,324,17.7,184,19.1,363,118.7,24,115.1,32,94.7,16,98.5,24
343,Western Illinois,OVC,64.2,328,65.1,323,18.9,314,17.8,233,99.0,307,101.1,293,117.2,349,111.5,304
344,West Virginia,B12,64.2,329,65.2,319,18.8,310,17.8,239,109.0,131,102.6,261,93.9,15,98.1,21
345,Incarnate Word,Slnd,64.1,330,64.5,339,19.4,342,17.4,132,106.0,194,106.9,159,112.6,296,108.5,241
346,Presbyterian,BSth,64.1,331,65.5,309,18.9,319,17.6,191,104.5,216,106.8,161,109.9,240,110.2,285
347,Marist,MAAC,64.0,332,64.2,346,19.0,320,18.3,325,97.1,333,101.4,286,106.2,162,99.2,32
348,Wofford,SC,64.0,333,64.6,336,19.3,335,17.6,188,113.6,67,112.8,51,109.5,231,108.7,246
349,Long Beach St.,BW,64.0,334,65.7,303,19.1,324,17.4,113,101.8,258,99.0,318,113.9,312,113.9,338
350,Northwestern St.,Slnd,63.9,335,64.2,349,18.8,304,18.4,327,102.6,247,101.3,288,107.8,198,107.0,199
351,Morehead St.,OVC,63.9,336,64.9,327,19.7,352,17.2,78,97.6,329,98.2,327,112.4,292,107.0,196
352,Saint Peter's,MAAC,63.8,337,64.5,342,19.6,350,17.6,163,94.9,351,98.6,321,106.3,165,101.9,77
353,Oakland,Horz,63.8,338,64.6,335,20.0,358,17.0,50,107.1,169,106.7,165,108.5,213,109.0,254
354,Missouri St.,MVC,63.8,339,64.3,344,18.7,300,18.4,332,101.0,279,101.8,279,107.4,194,108.8,247
355,UNC Greensboro,SC,63.8,340,64.6,337,18.9,313,18.0,270,107.2,167,109.0,118,105.4,143,104.1,124
356,Grambling St.,SWAC,63.8,341,66.1,285,18.4,276,18.0,277,95.2,346,97.0,335,109.1,226,104.0,122
357,Nevada,MWC,63.8,342,64.8,329,18.2,258,18.6,349,112.8,74,110.4,85,102.8,97,104.4,137
358,Richmond,A10,63.7,343,64.2,347,19.7,355,17.8,227,103.0,238,100.1,311,109.0,224,110.7,292
359,Connecticut,BE,63.7,344,64.5,340,19.4,338,18.0,272,121.9,14,118.1,11,102.6,94,104.1,127
360,Oregon St.,WCC,63.7,345,64.7,332,18.8,307,18.3,319,116.2,42,115.5,24,106.9,179,105.7,171
361,Tennessee,SEC,63.6,346,65.5,308,18.2,263,18.7,351,120.3,18,114.1,40,89.1,3,96.3,12
362,Towson,CAA,63.6,347,64.1,350,19.2,330,18.3,320,106.8,174,107.1,157,106.2,158,104.5,144
363,Hofstra,CAA,63.6,348,64.3,343,18.9,311,18.1,306,97.9,325,98.6,320,102.4,93,100.4,51
364,American,PL,63.5,349,63.7,357,19.7,356,18.0,285,102.1,252,104.6,215,108.0,205,105.1,160
365,Coastal Carolina,SB,63.2,350,64.2,348,20.8,363,16.1,3,100.4,288,102.2,271,115.4,333,112.2,321
366,Appalachian St.,SB,63.1,351,63.8,354,19.7,353,17.6,185,101.1,278,103.0,254,101.7,79,100.6,56
367,South Alabama,SB,63.1,352,64.0,351,18.2,267,19.0,360,107.4,159,108.6,123,103.3,102,99.7,38
368,Boston University,PL,63.0,353,63.7,356,19.3,334,17.9,256,99.0,308,101.4,287,111.3,269,105.4,166
369,Villanova,BE,63.0,354,63.5,358,19.5,345,18.0,280,118.2,26,115.6,23,104.0,113,106.2,178
370,Drexel,CAA,62.9,355,63.9,353,19.6,349,17.9,246,103.9,223,106.8,162,106.0,154,103.6,105
371,Radford,BSth,62.7,356,64.3,345,19.6,346,17.5,140,110.4,103,111.0,76,109.7,237,109.8,272
372,Minnesota,B10,62.6,357,63.8,355,19.3,336,17.9,254,110.1,108,104.7,213,101.7,80,107.3,203
373,Vermont,AE,62.4,358,63.9,352,19.4,340,17.8,236,99.2,305,101.2,291,105.4,146,101.5,70
374,Saint Mary's,WCC,61.7,359,63.5,359,20.2,359,17.4,121,115.3,56,114.9,34,92.2,8,95.9,11
375,Houston,B12,61.4,360,62.4,360,19.5,344,18.8,354,123.2,10,116.9,18,87.8,2,91.9,1
376,Virginia,ACC,61.1,361,61.6,361,20.3,360,18.6,348,110.7,99,105.3,191,105.4,141,108.2,232
377,North Texas,Amer,60.4,362,60.9,362,20.7,361,18.4,328,109.3,123,111.2,74,98.2,43,98.9,28
378,Wagner,NEC,60.3,363,60.4,363,20.8,362,18.7,353,92.2,360,94.0,357,110.3,247,102.8,94
379,Drake,MVC,58.8,364,59.5,364,22.0,364,18.1,309,112.6,76,113.3,45,98.5,46,98.3,22
