team,conference,tempo_adj,off_eff_adj,def_eff_adj,Off-eFG%,Off-TO%,Off-OR%,Off-FTRate,Def-eFG%,Def-TO%,Def-OR%,Def-FTRate,EffHgt,C-Hgt,Bench,Continuity,Experience,3P%,FT%,3PA%,SOS
Abilene Christian,WAC,69.4,97.6,102.1,46.7,20.7,30.1,37.2,51.4,24.0,31.5,51.3,-0.6,-0.4,34.0,34.9,1.34,28.9,71.9,25.3,-1.24
Air Force,MWC,64.4,98.9,111.4,50.1,20.7,22.7,35.4,54.6,15.7,29.0,35.4,0.4,1.1,28.9,48.8,1.79,33.1,63.5,48.5,5.01
Akron,MAC,71.4,113.7,107.1,55.4,16.6,33.0,26.8,49.5,17.1,29.0,33.7,-2.7,-1.9,39.0,23.9,1.4,36.6,74.9,45.4,-4.38
Alabama,SEC,74.9,126.5,96.6,56.4,16.7,34.7,40.1,47.9,13.5,29.2,33.9,2.4,1.6,38.5,43.8,2.99,35.0,71.6,46.2,19.49
Alabama A&M,SWAC,71.0,92.0,115.5,45.1,21.9,33.9,38.6,54.3,21.0,34.6,46.7,0.2,0.6,43.8,33.8,0.86,30.8,66.7,41.6,-9.74
Alabama St.,SWAC,67.7,101.4,110.6,47.1,13.2,28.3,29.9,50.3,18.6,31.1,38.7,-0.4,1.0,36.2,57.8,1.62,32.9,69.8,42.9,-8.7
Albany,AE,67.5,103.2,112.3,49.3,15.7,32.4,29.5,55.0,19.8,28.4,34.7,-1.8,-1.6,24.3,17.0,2.3,31.7,72.4,36.0,-7.45
Alcorn St.,SWAC,64.6,97.6,112.2,46.1,19.6,33.6,30.4,53.0,18.3,32.5,31.5,-1.6,-1.8,33.9,23.6,0.95,31.8,72.0,29.6,-4.85
American,PL,63.5,102.1,108.0,51.8,16.8,23.8,29.5,52.1,17.6,27.4,34.1,-0.5,-0.6,32.5,74.7,2.54,35.1,75.9,44.8,-7.09
Appalachian St.,SB,63.1,101.1,101.7,49.7,16.9,27.5,35.2,46.1,14.7,29.5,22.2,1.6,1.4,25.7,22.8,2.23,34.0,65.5,41.1,-3.27
Arizona,B12,69.9,122.5,96.8,52.9,16.2,35.9,36.6,48.6,16.6,28.5,29.2,0.4,0.8,29.6,38.1,2.72,32.4,78.4,34.6,16.38
Arizona St.,B12,68.4,112.5,101.3,51.4,17.5,25.2,35.9,50.5,16.0,30.4,31.2,1.3,0.9,29.2,17.0,2.05,35.8,72.4,42.8,15.58
Arkansas,SEC,69.3,112.9,95.2,52.7,16.5,27.6,35.5,48.3,17.6,28.3,29.4,2.2,3.0,35.2,9.3,1.57,33.3,73.4,36.7,13.85
Arkansas Pine Bluff,SWAC,71.3,95.0,121.1,50.3,20.4,26.3,32.8,56.3,16.8,34.6,40.5,0.2,-0.4,43.7,3.5,0.66,31.0,59.0,37.9,-8.67
Arkansas St.,SB,69.8,110.1,102.2,49.3,15.0,34.0,34.2,45.7,17.0,30.4,37.6,-0.5,-0.3,30.7,44.1,2.06,31.8,73.1,44.6,-2.48
Army,PL,67.5,99.8,114.3,49.7,14.7,25.8,25.8,53.7,16.0,29.3,27.1,-1.5,-1.4,28.9,48.3,1.72,30.8,68.5,41.1,-7.8
Auburn,SEC,67.6,128.4,93.4,55.7,13.4,34.3,33.5,46.0,17.4,30.3,39.2,0.8,1.1,33.9,54.8,2.8,36.8,74.0,40.6,18.97
Austin Peay,ASun,66.1,101.8,111.1,48.7,14.8,25.8,28.9,53.8,16.8,31.2,36.0,-1.1,-1.1,33.6,26.8,0.94,34.0,71.3,40.2,-1.93
BYU,B12,67.2,123.0,100.6,57.2,17.6,33.3,30.2,50.6,17.2,26.0,29.5,0.4,-0.1,41.8,40.8,1.93,37.1,70.5,48.3,11.12
Ball St.,MAC,66.4,103.4,112.8,51.3,16.4,26.4,44.5,51.6,14.1,27.9,30.7,0.5,0.5,29.6,27.0,2.38,34.6,70.3,37.1,-6.44
Baylor,B12,64.5,120.8,99.7,51.5,16.1,35.6,31.0,51.2,18.8,31.2,33.5,-0.7,-1.0,28.4,28.3,2.74,34.7,74.6,40.2,15.67
Bellarmine,ASun,66.1,103.8,121.4,53.7,17.4,20.2,26.5,58.0,15.4,30.2,34.8,-1.3,-1.9,43.9,27.7,1.33,35.6,76.6,43.2,-3.85
Belmont,MVC,70.5,112.3,108.9,54.8,15.9,27.2,26.1,53.7,17.6,29.4,27.0,0.7,-0.4,28.7,24.7,1.39,38.1,71.3,44.6,0.01
Bethune Cookman,SWAC,69.0,97.3,107.9,48.2,19.5,28.8,35.9,48.8,16.7,30.0,32.4,-0.8,-1.4,30.5,18.1,1.6,31.9,69.0,33.9,-5.64
Binghamton,AE,65.7,98.8,112.7,51.6,19.6,26.9,33.7,49.7,12.8,26.9,31.9,-0.6,-1.4,24.1,44.5,1.86,35.4,70.1,36.1,-7.57
Boise St.,MWC,65.2,116.0,100.0,52.1,16.9,33.2,39.2,49.6,16.0,22.6,31.2,-0.1,-0.7,31.6,33.4,2.13,31.0,77.9,43.3,6.4
Boston College,ACC,66.7,105.4,107.2,48.9,17.3,28.8,31.5,51.9,15.5,30.0,37.1,-0.5,-0.4,37.4,14.7,1.73,34.4,71.8,33.0,5.43
Boston University,PL,63.0,99.0,111.3,50.2,20.6,32.5,30.7,52.3,16.6,23.4,32.0,0.5,0.9,37.3,63.0,1.36,33.0,66.9,41.9,-8.42
Bowling Green,MAC,68.7,98.9,109.8,49.8,17.5,25.5,34.5,52.6,17.4,27.5,29.8,-0.6,-0.5,27.6,22.3,1.27,33.6,74.7,39.6,-6.59
Bradley,MVC,65.6,111.5,104.4,56.8,17.3,26.3,32.4,47.9,15.7,28.1,35.5,1.2,1.3,29.4,59.3,2.0,40.0,75.7,41.9,0.13
Brown,Ivy,65.8,103.1,106.8,51.1,17.1,30.1,28.0,49.3,15.7,30.7,29.1,-1.7,-1.8,30.2,43.5,1.71,33.1,63.2,40.5,-3.7
Bryant,AE,72.4,106.7,105.5,51.0,16.5,34.2,30.4,47.7,16.4,28.8,30.0,0.5,0.2,22.8,43.0,2.62,33.4,71.8,34.8,-6.99
Bucknell,PL,67.2,102.7,107.6,53.8,18.6,26.0,36.7,50.3,17.0,28.0,35.4,0.9,1.7,26.2,62.8,1.74,35.3,66.4,41.0,-7.4
Buffalo,MAC,70.7,96.2,113.8,48.8,19.5,24.8,32.7,54.2,16.2,31.3,31.2,0.5,0.3,31.1,31.2,0.71,30.4,69.9,44.0,-3.21
Butler,BE,67.4,116.1,105.6,53.0,16.4,26.4,37.3,49.5,11.5,29.3,20.4,1.8,2.2,25.9,57.4,2.88,36.6,74.2,40.9,11.4
CSUN,BW,72.3,109.1,104.0,51.8,18.9,35.4,35.8,49.9,20.5,24.1,45.1,-0.9,-1.1,28.5,28.7,1.83,35.0,73.3,30.8,-2.32
Cal Baptist,WAC,65.7,105.8,106.1,48.3,17.7,33.3,29.7,50.1,18.1,29.6,33.4,-0.1,0.1,35.3,25.1,2.1,31.7,75.7,35.0,-1.8
Cal Poly,BW,74.4,109.5,111.1,55.2,20.7,27.6,26.8,53.2,19.1,33.2,32.4,-2.4,-2.6,29.4,19.7,0.87,36.3,76.9,51.1,1.42
Cal St. Bakersfield,BW,66.0,106.3,112.4,48.2,18.8,35.6,34.5,54.3,18.9,29.7,46.9,-1.5,-1.9,33.6,38.9,1.4,37.2,77.3,28.4,-0.74
Cal St. Fullerton,BW,68.1,93.8,112.2,44.2,21.3,25.9,39.2,54.3,16.1,29.8,34.1,0.2,0.2,43.0,28.1,0.94,27.0,73.8,34.1,2.13
California,ACC,67.5,111.3,106.6,47.8,16.6,34.7,38.9,53.0,16.3,28.8,32.8,0.1,-0.0,32.5,0.5,2.31,31.5,74.6,37.8,6.81
Campbell,CAA,65.8,101.6,106.1,50.0,15.8,24.6,29.7,52.4,18.8,27.7,29.9,-0.6,-1.0,29.3,29.8,1.62,31.9,76.4,41.8,-4.25
Canisius,MAAC,66.1,99.0,121.9,51.2,18.5,18.3,23.3,56.9,16.4,34.3,31.4,-0.9,-1.4,22.9,12.6,1.2,36.7,75.9,41.4,-4.84
Central Arkansas,ASun,66.3,97.6,115.8,47.4,18.2,28.5,28.8,56.8,16.7,30.0,22.6,0.4,0.1,35.9,16.5,0.68,29.6,72.0,47.8,-2.59
Central Connecticut,NEC,65.7,99.7,101.5,52.2,17.2,26.5,25.9,47.7,18.1,25.3,18.9,-0.7,-1.3,30.9,50.8,1.63,32.9,74.5,34.8,-11.83
Central Michigan,MAC,67.1,105.3,108.4,49.8,17.6,32.1,35.8,53.1,18.2,29.1,31.3,-0.4,0.2,18.8,27.7,1.55,31.3,73.2,33.3,-2.37
Charleston,CAA,70.0,106.0,105.4,52.4,16.2,26.5,34.6,50.1,16.4,28.3,26.5,0.9,1.1,27.9,24.4,2.11,35.5,71.1,40.0,-2.69
Charleston Southern,BSth,67.3,99.7,111.6,48.7,19.9,31.2,43.9,53.4,13.5,28.2,33.3,0.1,0.3,20.3,33.0,2.25,30.7,66.3,42.0,-0.09
Charlotte,Amer,64.8,104.5,112.3,48.3,15.1,25.4,42.7,54.2,14.6,29.2,37.0,-0.3,-0.8,30.5,33.9,1.81,31.0,75.2,40.9,-0.25
Chattanooga,SC,66.4,115.2,110.2,56.5,15.4,25.8,31.5,51.2,16.3,30.0,33.8,-0.0,0.0,31.1,32.2,1.72,36.8,76.9,45.3,-2.78
Chicago St.,NEC,68.2,91.8,116.2,44.4,18.5,22.6,26.8,54.9,18.2,33.6,36.9,-1.7,-1.6,32.2,18.0,0.79,30.6,70.5,40.9,-3.24
Cincinnati,B12,65.4,110.5,95.7,50.9,15.5,32.3,23.4,48.6,19.7,30.1,24.3,1.4,1.9,34.5,59.9,2.19,32.0,66.8,38.1,11.39
Clemson,ACC,64.2,118.7,94.7,53.6,15.7,33.7,28.2,48.9,20.1,29.9,27.6,1.5,1.6,26.5,46.3,3.02,37.2,76.6,38.4,8.3
Cleveland St.,Horz,65.3,103.7,104.1,49.3,18.3,34.5,31.0,50.6,22.3,34.1,38.1,-0.4,-0.5,27.6,33.7,1.82,32.5,72.1,32.7,-4.4
Coastal Carolina,SB,63.2,100.4,115.4,49.4,18.4,29.0,34.4,48.6,10.5,28.7,36.9,1.6,3.1,30.5,6.4,0.72,34.8,69.4,39.2,-5.12
Colgate,PL,67.2,104.6,112.6,54.2,16.7,23.7,22.6,53.3,16.3,26.9,25.5,-0.3,0.4,34.7,50.3,1.27,35.7,73.1,42.2,-5.67
Colorado,B12,67.6,108.8,99.3,50.6,21.0,28.9,36.3,49.5,16.4,28.3,34.8,1.4,1.0,42.3,16.5,1.32,32.2,75.4,37.3,13.43
Colorado St.,MWC,65.9,116.2,98.9,55.8,17.4,26.4,31.8,48.5,16.7,25.3,33.6,-0.5,-0.8,31.4,34.1,2.39,36.6,77.5,42.8,5.87
Columbia,Ivy,70.7,106.3,115.9,52.6,15.4,25.9,29.5,56.4,16.4,26.7,25.4,0.0,0.1,33.9,66.4,2.09,33.8,72.8,39.1,-5.08
Connecticut,BE,63.7,121.9,102.6,55.5,17.1,35.6,30.6,48.3,15.5,27.4,40.0,0.7,0.6,30.4,44.4,1.75,35.4,79.1,42.6,10.09
Coppin St.,MEAC,67.7,87.3,111.6,44.0,21.6,26.5,36.4,55.6,20.5,33.9,37.1,-0.6,-1.4,33.9,18.6,0.82,29.0,67.8,32.1,-4.33
Cornell,Ivy,70.9,114.9,111.5,58.7,16.8,25.5,28.6,52.2,15.3,28.9,31.3,-0.7,-0.8,30.0,58.6,1.43,37.4,76.2,48.6,-2.56
Creighton,BE,67.0,116.9,98.2,55.8,18.1,26.9,28.5,47.0,11.7,27.2,16.9,2.9,3.1,27.1,46.4,2.65,33.9,73.3,49.0,11.49
Dartmouth,Ivy,70.9,100.1,103.4,50.3,16.2,22.8,30.3,49.1,13.8,24.9,23.2,-1.0,-1.4,26.5,50.5,1.58,33.9,75.1,46.5,-3.87
Davidson,A10,65.9,109.7,108.2,52.4,14.6,24.4,29.2,52.4,15.4,26.9,28.1,0.5,0.7,24.2,54.0,1.91,34.1,75.0,42.1,0.47
Dayton,A10,65.9,115.6,104.6,52.6,15.5,29.6,37.9,50.4,17.7,28.8,30.7,0.9,1.6,27.4,47.9,2.94,35.6,75.5,40.4,4.88
DePaul,BE,66.9,109.6,105.3,52.7,17.9,27.2,27.4,51.4,15.5,28.7,28.9,-0.1,-0.2,38.4,0.0,2.17,34.6,70.6,46.4,8.35
Delaware,CAA,70.3,109.3,114.9,55.1,16.6,22.4,30.0,52.2,15.5,32.5,32.9,-1.3,-1.4,20.5,28.3,1.11,37.7,77.7,39.9,-2.98
Delaware St.,MEAC,70.2,101.7,114.2,48.8,18.1,34.0,36.3,53.8,20.0,32.1,40.3,1.3,0.8,23.2,37.1,1.63,35.5,72.3,20.7,-8.56
Denver,Sum,66.4,98.7,111.2,50.3,18.5,26.1,31.6,54.3,17.6,29.1,49.8,-0.4,0.1,37.6,39.9,0.91,33.3,74.0,36.9,-1.66
Detroit Mercy,Horz,66.9,95.1,112.1,45.6,19.1,31.9,28.9,51.2,15.5,30.5,39.8,0.1,-0.2,35.7,9.9,0.99,33.3,73.3,28.4,-2.15
Drake,MVC,58.8,112.6,98.5,53.8,18.6,36.0,43.0,51.7,22.1,25.8,35.8,-1.3,-1.7,24.4,4.4,0.33,35.0,70.7,36.8,-0.49
Drexel,CAA,62.9,103.9,106.0,52.2,18.6,33.0,24.2,47.8,14.4,30.1,28.2,-0.7,-1.4,22.6,18.7,0.72,35.0,69.8,37.1,-4.61
Duke,ACC,65.7,128.0,89.8,57.4,14.4,35.2,32.1,44.5,17.7,26.5,25.4,2.1,2.7,31.0,20.9,1.96,37.7,78.4,45.4,10.03
Duquesne,A10,65.2,106.1,103.2,50.0,18.3,32.9,30.0,50.2,20.0,30.6,39.5,-0.1,-0.8,38.7,34.9,2.19,34.0,64.5,43.2,2.07
East Carolina,Amer,66.6,106.8,107.9,48.4,15.6,33.8,35.2,51.7,17.4,31.2,31.6,-1.3,-1.6,19.9,28.5,2.64,31.2,72.9,35.2,-1.2
East Tennessee St.,SC,65.0,106.8,104.9,50.2,16.1,35.7,33.2,50.4,18.9,29.7,34.4,-0.5,-0.1,30.4,61.8,1.99,34.7,66.5,41.8,-3.36
East Texas A&M,Slnd,67.3,96.5,111.6,49.2,22.5,28.1,28.0,53.8,19.9,35.9,36.5,-0.8,-1.4,41.9,18.0,0.72,31.4,64.4,48.3,-1.3
Eastern Illinois,OVC,66.1,93.5,106.9,44.1,18.7,30.0,33.0,51.0,20.8,30.9,39.7,-1.0,-1.3,29.1,34.4,1.05,31.7,69.3,29.7,-5.75
Eastern Kentucky,ASun,67.6,109.6,111.4,49.7,13.8,32.4,26.0,52.6,17.8,33.2,31.8,-0.4,-0.8,32.1,23.5,1.45,34.9,77.4,42.2,-2.94
Eastern Michigan,MAC,67.2,104.3,114.0,52.4,18.7,29.7,33.0,53.7,17.8,31.7,38.5,0.2,-0.6,22.2,28.5,1.8,35.0,74.3,38.2,-4.41
Eastern Washington,BSky,66.8,101.8,112.8,50.9,18.7,26.9,31.1,54.4,19.0,33.6,39.7,-0.8,-0.8,32.6,9.5,0.3,32.3,77.3,37.6,-1.18
Elon,CAA,65.1,107.4,110.4,50.2,19.0,36.3,38.8,48.1,13.3,31.5,24.7,3.3,4.5,31.5,43.4,1.19,32.8,75.7,41.8,-3.46
Evansville,MVC,66.8,98.2,106.3,48.8,17.7,22.6,31.1,50.2,16.7,29.2,34.6,1.4,0.8,24.4,29.5,1.25,29.9,70.5,40.6,0.95
FIU,CUSA,68.3,96.6,104.1,46.1,19.5,31.1,36.0,51.6,20.6,29.6,37.5,0.1,0.7,35.5,36.7,1.23,28.8,70.5,30.1,0.22
Fairfield,MAAC,66.0,98.2,114.1,46.3,15.5,28.6,25.4,53.7,18.2,31.0,31.0,0.1,0.4,33.4,24.0,1.76,31.5,73.3,38.3,-6.47
Fairleigh Dickinson,NEC,69.1,98.3,110.8,49.1,17.1,25.9,32.1,50.5,17.6,32.0,30.4,-1.6,-2.0,24.9,38.5,0.99,32.2,71.5,41.5,-7.95
Florida,SEC,69.6,128.6,92.4,55.0,15.0,38.1,32.6,45.3,17.0,28.8,33.0,1.7,1.5,29.7,53.7,2.42,35.5,71.8,43.6,14.42
Florida A&M,SWAC,67.1,101.5,115.2,50.6,20.7,27.7,36.7,51.4,15.4,31.9,39.9,0.8,0.9,34.9,27.2,0.76,33.6,71.4,46.6,-6.21
Florida Atlantic,Amer,68.7,112.3,107.9,53.2,16.3,30.7,33.2,49.7,16.1,31.6,33.3,1.4,2.0,33.5,2.8,2.0,34.9,70.1,40.3,2.51
Florida Gulf Coast,ASun,65.2,108.1,108.8,53.9,16.2,30.0,23.1,50.5,14.3,26.5,29.5,-0.9,-1.1,27.7,36.1,2.17,35.7,69.4,38.4,-3.81
Florida St.,ACC,69.5,108.8,100.3,50.7,17.5,29.7,39.4,48.5,19.1,31.8,37.5,2.1,1.9,37.0,26.1,1.34,31.7,71.7,33.7,6.47
Fordham,A10,69.5,106.4,111.7,48.7,18.4,31.5,32.9,52.8,16.7,30.6,39.2,-0.5,-0.6,32.2,49.4,1.88,32.0,72.3,41.5,1.73
Fresno St.,MWC,70.5,100.8,108.5,46.1,17.8,27.0,36.4,54.0,18.0,34.0,23.5,1.3,1.4,30.9,11.5,0.42,31.3,69.2,35.3,5.92
Furman,SC,65.9,109.6,107.3,53.6,17.0,30.0,35.4,49.2,16.5,30.9,29.0,1.3,1.6,29.9,44.5,1.23,36.0,69.6,51.4,-1.56
Gardner Webb,BSth,68.9,103.0,111.1,51.9,20.7,33.4,36.2,52.0,14.8,30.2,37.2,-0.8,-0.7,31.0,28.7,1.76,33.0,69.2,33.1,-2.29
George Mason,A10,64.5,106.0,95.6,51.5,20.0,32.1,41.7,45.0,18.9,29.1,31.5,0.5,0.4,33.3,37.1,2.83,35.3,71.5,35.8,1.23
George Washington,A10,66.7,108.0,103.3,50.6,18.2,32.1,40.8,48.4,19.4,32.7,26.7,0.7,1.1,32.6,33.7,1.65,31.3,70.2,41.9,-2.02
Georgetown,BE,68.2,108.3,99.5,50.4,17.1,31.6,25.8,49.4,19.6,28.9,29.3,1.5,1.2,26.9,20.4,1.78,31.8,70.6,37.4,6.35
Georgia,SEC,66.4,115.4,96.0,52.5,18.9,36.1,39.8,47.2,18.0,31.8,30.4,1.6,1.6,31.8,28.7,1.86,33.5,71.7,36.8,13.64
Georgia Southern,SB,69.4,102.6,109.6,50.6,19.0,32.9,26.5,50.1,18.4,33.2,43.2,0.2,-0.4,39.1,36.0,1.26,34.5,65.1,44.3,-4.99
Georgia St.,SB,68.9,106.4,114.6,50.4,16.8,32.3,33.8,51.1,13.0,31.9,26.3,0.6,0.4,21.3,16.4,1.74,34.4,68.7,33.3,-3.39
Georgia Tech,ACC,68.5,107.7,100.5,50.4,17.4,30.5,31.2,48.8,15.6,28.6,28.5,0.8,0.4,28.9,27.9,1.9,34.1,68.6,36.2,6.49
Gonzaga,WCC,70.2,123.6,96.3,55.7,13.2,32.7,30.9,47.5,18.2,26.4,28.6,0.7,0.5,31.7,70.3,2.98,34.4,80.1,33.5,7.0
Grambling St.,SWAC,63.8,95.2,109.1,47.3,19.2,26.3,35.1,49.3,18.3,31.1,31.3,0.3,0.0,33.8,34.3,0.89,32.0,72.9,35.0,-8.19
Grand Canyon,WAC,71.4,107.8,100.6,51.2,18.4,32.5,43.9,47.0,20.6,28.7,32.2,0.6,0.2,30.2,58.1,2.62,31.6,73.5,33.6,-3.47
Green Bay,Horz,68.9,100.7,116.8,50.9,18.0,18.4,37.0,54.8,14.6,31.9,35.4,-1.9,-1.9,38.0,35.4,1.18,33.0,78.5,46.2,-1.32
Hampton,CAA,65.5,103.7,107.8,47.5,16.0,34.0,30.2,52.6,18.8,28.7,43.6,-0.7,-1.2,37.6,11.8,1.83,32.4,70.8,36.7,-2.57
Harvard,Ivy,65.5,101.2,108.9,50.6,17.9,24.8,24.4,52.2,17.7,31.1,24.6,-2.0,-2.6,24.7,39.3,1.3,32.0,77.6,39.9,-2.34
Hawaii,BW,65.8,103.1,107.8,50.6,20.7,30.9,39.9,49.4,13.1,24.9,33.7,1.3,0.6,40.8,25.0,1.58,31.0,74.4,37.5,-0.9
High Point,BSth,66.4,118.5,109.1,56.4,15.3,34.0,37.6,49.1,16.5,29.9,36.3,0.7,1.4,37.4,52.8,2.37,36.6,76.4,39.0,-5.51
Hofstra,CAA,63.6,97.9,102.4,48.9,17.6,25.8,25.3,45.9,16.4,28.6,38.0,-0.5,0.0,34.2,22.2,1.4,33.2,70.8,42.3,-3.17
Holy Cross,PL,66.0,101.8,115.7,53.1,17.8,23.2,22.2,53.5,13.5,26.8,25.4,-1.6,-2.1,26.5,46.7,1.14,38.5,71.7,42.3,-6.33
Houston,B12,61.4,123.2,87.8,52.7,14.6,36.1,28.2,44.9,21.7,29.3,34.1,-0.6,-1.4,29.8,67.2,2.65,39.8,74.1,34.5,13.66
Houston Christian,Slnd,64.7,100.5,110.1,49.1,18.0,26.0,30.5,52.6,17.9,32.0,29.4,-2.2,-3.0,29.8,9.4,0.83,32.5,68.8,44.0,-2.71
Howard,MEAC,69.9,103.7,116.9,53.5,21.2,29.0,35.7,52.3,16.5,33.8,40.9,-0.8,-1.1,22.8,31.0,1.8,36.6,76.0,38.4,-6.73
IU Indy,Horz,64.8,109.5,122.9,50.4,15.7,30.6,34.1,57.0,15.9,33.6,35.1,-1.3,-1.8,22.2,0.0,0.26,36.8,74.8,47.3,-3.63
Idaho,BSky,66.2,107.3,116.7,51.8,17.9,28.9,33.6,54.0,15.1,31.3,35.7,-0.6,-1.0,33.0,33.6,0.72,34.7,76.1,47.9,-2.68
Idaho St.,BSky,66.0,105.9,109.7,47.8,16.3,38.3,34.4,54.1,17.9,25.9,32.7,0.3,0.8,22.6,22.6,0.67,31.2,74.3,36.6,-3.77
Illinois,B10,71.3,121.6,98.1,52.3,15.8,36.0,34.6,47.3,12.7,26.3,26.8,1.8,2.1,30.9,2.8,1.08,31.1,75.9,46.9,15.93
Illinois Chicago,MVC,69.1,106.9,107.8,51.1,17.5,30.0,35.1,51.6,15.8,27.9,31.6,-0.6,-0.4,31.3,21.5,1.95,34.0,72.1,39.4,1.26
Illinois St.,MVC,65.7,111.9,109.9,56.0,15.8,24.6,30.7,53.8,16.7,24.9,31.4,-0.8,-0.8,32.5,49.4,1.91,36.9,74.7,47.5,0.06
Incarnate Word,Slnd,64.1,106.0,112.6,51.1,18.1,34.5,27.5,52.0,17.5,31.4,34.7,-0.3,-0.8,26.1,27.8,1.85,35.8,68.3,36.3,-5.45
Indiana,B10,67.9,113.6,97.4,51.1,16.7,31.5,33.1,49.8,16.4,28.1,29.6,1.7,1.8,30.9,40.9,2.28,32.1,70.6,33.2,13.27
Indiana St.,MVC,72.2,109.0,112.3,54.6,19.5,26.2,35.9,54.3,15.8,27.0,38.8,-0.6,-0.7,35.8,3.1,1.11,35.0,75.3,50.1,-0.12
Iona,MAAC,68.0,98.6,106.5,47.5,20.9,39.1,27.9,51.7,22.8,30.9,35.6,-0.5,-0.9,38.5,0.0,0.79,31.8,68.5,34.7,-7.23
Iowa,B10,69.5,119.6,106.8,56.8,13.7,25.1,26.0,54.4,17.9,32.2,28.3,0.4,-0.1,33.0,50.7,1.8,38.0,70.5,41.0,12.26
Iowa St.,B12,68.6,119.4,92.4,54.6,16.9,32.2,38.5,48.4,21.8,28.4,28.9,1.2,0.9,29.9,55.5,2.81,35.8,75.7,36.9,12.62
Jackson St.,SWAC,68.3,100.3,106.9,47.7,19.5,30.1,37.5,50.6,17.4,30.0,30.6,0.2,0.9,37.0,11.2,1.48,32.6,73.0,33.7,-4.83
Jacksonville,ASun,67.4,101.7,103.2,50.1,19.3,35.2,28.2,50.7,18.7,30.4,34.5,0.2,-0.4,34.3,38.2,1.56,37.0,68.2,33.9,-2.56
Jacksonville St.,CUSA,64.8,109.3,105.4,49.6,15.7,30.9,32.2,49.4,13.3,26.5,28.0,0.5,1.1,30.5,20.0,1.63,33.5,75.1,36.4,1.76
James Madison,SB,64.8,110.4,110.3,50.7,15.8,32.0,30.4,50.9,15.6,30.5,33.4,0.4,1.2,28.9,10.7,2.34,34.3,76.4,45.2,-1.42
Kansas,B12,68.3,116.0,92.7,53.1,16.7,30.4,24.3,46.2,15.6,27.5,28.0,1.9,3.5,28.3,44.5,3.64,35.2,71.1,34.3,15.48
Kansas City,Sum,64.5,100.4,106.3,48.4,18.7,32.9,30.9,51.2,17.1,29.7,35.2,-0.9,-1.2,28.7,60.6,1.38,33.1,76.9,44.0,-2.48
Kansas St.,B12,67.0,109.4,97.1,50.6,17.7,29.4,27.6,49.0,18.1,31.7,28.6,1.1,1.0,24.1,15.9,2.57,32.5,69.1,40.2,12.83
Kennesaw St.,CUSA,70.3,107.0,103.9,49.3,19.7,32.5,38.8,48.3,15.1,27.4,42.6,-0.4,-1.1,29.8,29.6,1.2,30.6,73.2,45.5,3.05
Kent St.,MAC,66.0,105.4,102.8,48.7,17.3,35.7,30.0,48.4,18.9,28.3,39.2,-1.0,-0.9,34.6,45.9,2.16,30.5,75.5,37.7,-3.8
Kentucky,SEC,70.9,123.8,99.5,56.0,15.2,28.7,35.9,50.4,14.0,25.9,31.0,1.4,1.2,39.4,0.0,3.05,37.4,73.8,41.7,17.84
LIU,NEC,64.8,94.9,105.2,47.7,20.1,32.3,27.6,48.0,19.2,27.0,43.5,-1.4,-1.4,28.6,9.7,1.06,30.3,73.0,33.4,-10.76
LSU,SEC,67.9,109.0,100.3,51.1,18.6,29.5,32.5,48.3,16.5,34.4,29.4,0.4,0.4,36.0,13.5,2.1,30.5,71.4,43.5,13.89
La Salle,A10,68.5,103.7,108.3,46.1,15.5,30.5,31.4,52.6,16.7,29.5,30.0,0.1,-0.1,29.9,34.6,1.89,32.8,72.4,33.2,2.24
Lafayette,PL,66.1,98.1,108.7,50.2,16.6,24.0,30.5,50.4,16.7,28.0,26.9,0.0,1.9,34.5,46.6,1.12,34.0,69.2,40.3,-8.29
Lamar,Slnd,65.4,102.0,102.2,47.2,19.0,35.5,29.0,47.6,17.7,31.8,34.8,0.9,0.6,30.5,46.7,1.2,35.6,69.9,32.8,-1.8
Le Moyne,NEC,68.5,101.2,121.8,51.5,19.6,25.6,37.7,54.7,16.3,32.9,36.9,-0.3,-1.4,37.5,29.1,1.02,32.8,71.0,41.3,-7.3
Lehigh,PL,67.2,100.6,110.8,51.1,15.6,21.4,31.5,50.7,16.1,29.1,33.9,-0.4,0.1,30.9,55.8,1.6,36.4,67.8,37.3,-6.34
Liberty,CUSA,65.3,112.5,98.9,58.4,15.3,18.9,30.9,45.9,16.9,28.0,26.3,-0.8,-1.3,21.3,52.2,1.89,39.5,65.4,47.7,0.41
Lindenwood,OVC,69.6,94.1,108.8,45.0,17.9,30.0,36.0,50.7,19.4,31.5,34.7,-1.0,0.1,29.3,12.1,0.96,26.7,68.8,34.6,-7.59
Lipscomb,ASun,65.9,112.7,103.2,55.9,14.4,24.1,31.4,48.6,15.8,26.5,22.3,0.6,0.6,23.2,41.5,2.68,36.7,79.6,47.4,-4.57
Little Rock,OVC,66.9,99.1,104.2,49.5,20.4,30.4,29.0,46.7,21.5,35.4,37.9,0.1,-0.4,17.4,11.5,1.15,36.6,70.7,30.3,-7.78
Long Beach St.,BW,64.0,101.8,113.9,49.2,21.7,28.5,35.5,53.4,17.1,35.0,35.2,1.4,1.0,29.4,4.1,1.62,35.3,75.5,37.1,1.01
Longwood,BSth,69.0,105.9,109.8,51.3,18.0,32.1,45.4,55.9,20.7,29.6,38.2,-1.6,-1.9,32.7,33.9,1.78,32.9,72.4,33.9,-4.1
Louisiana,SB,66.2,97.7,111.2,45.7,16.0,25.9,29.8,51.3,19.1,35.5,43.8,-1.4,-1.6,38.1,37.2,2.0,31.3,72.9,38.1,-2.51
Louisiana Monroe,SB,67.6,96.1,114.4,45.0,17.1,29.0,31.1,53.6,16.1,32.5,25.1,1.0,1.5,23.2,59.1,1.67,32.5,71.0,33.9,-3.67
Louisiana Tech,CUSA,64.4,108.9,105.2,52.5,18.9,29.3,35.0,47.8,14.7,28.7,32.0,-0.1,0.7,27.2,40.2,1.21,34.1,75.0,41.4,0.89
Louisville,ACC,68.7,118.1,95.5,53.4,16.5,32.2,34.5,49.2,18.6,27.2,26.8,1.0,1.6,23.3,0.1,3.18,33.0,74.4,48.1,10.34
Loyola Chicago,A10,66.9,107.4,102.3,52.6,17.6,29.9,31.7,49.0,17.9,27.5,33.2,0.0,0.1,32.3,45.5,2.48,34.7,66.4,42.0,0.59
Loyola MD,PL,66.5,100.4,112.8,50.1,17.7,28.6,29.3,52.8,16.9,27.9,30.2,-0.4,0.6,24.1,44.3,1.25,32.9,68.9,39.6,-8.19
Loyola Marymount,WCC,67.1,104.1,103.6,50.3,15.2,22.8,29.0,48.6,15.7,30.8,28.9,1.8,2.2,29.1,36.9,2.56,33.1,72.2,40.4,2.6
Maine,AE,65.9,100.1,104.4,51.6,15.5,21.8,28.2,50.4,21.9,32.3,29.1,-0.0,0.5,24.0,52.3,2.25,35.7,72.8,33.0,-7.05
Manhattan,MAAC,67.4,108.5,114.3,50.7,17.0,32.6,30.9,50.5,15.2,31.9,25.9,-1.3,-1.6,20.9,33.3,0.85,34.2,77.1,41.9,-8.6
Marist,MAAC,64.0,97.1,106.2,49.9,18.4,30.6,22.4,46.9,16.4,25.6,33.2,-0.8,-1.1,30.3,51.6,1.18,31.4,70.8,37.6,-10.37
Marquette,BE,67.6,117.7,96.1,52.0,13.5,30.1,26.1,49.9,21.5,31.0,30.2,0.8,0.7,26.1,65.8,2.08,32.5,72.3,46.3,12.5
Marshall,SB,68.6,106.3,106.8,49.9,16.5,33.0,34.8,49.3,16.8,29.6,40.9,-0.2,-0.8,25.0,37.7,2.31,32.3,69.0,39.6,-4.34
Maryland,B10,69.8,118.1,91.8,53.8,14.5,31.0,32.9,47.0,20.2,27.2,25.9,0.7,0.4,24.7,25.8,2.15,37.3,75.5,35.5,10.93
Maryland Eastern Shore,MEAC,65.5,95.8,118.4,45.7,19.7,27.1,35.6,55.3,15.5,34.1,40.6,-0.5,-0.9,37.9,0.0,0.63,31.5,66.7,37.2,-3.09
Massachusetts,A10,70.2,102.3,106.4,45.1,16.1,34.3,34.0,49.8,17.5,31.0,36.6,-0.1,-0.0,31.9,50.6,1.31,28.0,67.2,32.2,0.89
McNeese,Slnd,65.3,114.3,100.6,53.3,16.2,34.7,35.7,47.5,21.6,31.3,31.4,-0.8,-0.7,34.4,41.4,2.76,35.6,70.7,36.7,-2.48
Memphis,Amer,70.8,113.1,97.8,53.6,19.2,35.1,39.4,48.5,19.1,32.3,33.6,0.0,0.5,23.8,11.0,3.12,38.0,70.2,33.1,6.03
Mercer,SC,71.0,99.2,107.2,49.0,16.6,28.8,29.8,50.8,16.8,28.7,32.8,-0.7,-1.1,27.0,18.4,1.55,31.8,65.3,40.1,-2.5
Mercyhurst,NEC,64.7,98.7,116.6,48.6,16.4,22.2,30.9,55.0,20.3,33.3,38.3,-1.7,-2.2,29.2,0.0,0.75,35.7,80.7,36.4,-9.28
Merrimack,MAAC,64.4,99.9,102.0,49.4,13.8,20.8,24.4,46.9,23.2,38.6,29.9,-1.7,-2.4,20.6,41.7,1.29,33.0,72.3,42.9,-5.4
Miami FL,ACC,67.4,113.5,116.0,51.9,16.0,28.2,26.4,57.4,15.0,30.8,28.8,0.2,-0.0,37.8,21.0,2.44,31.3,76.4,38.5,7.64
Miami OH,MAC,68.9,107.8,107.0,55.4,17.4,27.5,28.1,51.3,19.1,29.0,33.3,0.4,1.1,33.7,38.6,1.28,38.2,72.4,44.0,-5.73
Michigan,B10,69.4,116.0,93.7,54.5,19.8,33.2,35.0,46.3,16.0,29.8,28.5,3.2,3.3,29.1,21.8,2.26,33.4,72.8,42.5,14.84
Michigan St.,B10,67.7,118.1,90.6,51.2,16.6,35.3,37.8,46.1,16.4,24.6,33.1,1.7,2.0,40.9,46.6,1.61,30.8,78.1,32.7,13.34
Middle Tennessee,CUSA,68.2,109.1,104.8,50.8,16.6,30.7,32.3,48.5,16.1,29.0,31.0,0.4,0.3,31.1,42.0,2.5,31.7,67.8,39.5,2.62
Milwaukee,Horz,68.7,107.2,105.5,51.4,19.4,39.8,38.0,51.5,18.3,26.6,32.4,0.1,-0.8,30.6,40.1,2.09,31.9,68.2,31.5,-3.16
Minnesota,B10,62.6,110.1,101.7,49.9,16.6,30.2,31.5,50.1,16.3,30.7,33.1,1.1,1.5,27.2,33.6,3.19,32.2,66.4,36.0,11.57
Mississippi,SEC,68.0,117.8,95.8,51.1,12.8,25.4,35.6,50.5,20.5,30.8,39.5,-0.7,-0.9,30.4,40.4,3.47,34.1,73.8,40.2,15.8
Mississippi St.,SEC,68.1,118.7,98.6,51.7,15.1,34.1,31.6,51.9,19.0,29.5,35.4,0.3,0.6,31.8,41.5,2.27,31.4,70.0,42.3,14.8
Mississippi Valley St.,SWAC,64.8,82.6,124.8,42.1,24.3,22.7,30.3,57.9,15.1,38.0,38.4,-0.8,-0.9,36.8,23.8,1.02,28.8,66.9,30.6,-3.53
Missouri,SEC,68.2,125.3,100.9,56.2,15.2,33.7,46.8,50.7,20.0,32.2,35.3,1.4,1.2,37.9,28.1,2.67,37.0,72.5,41.5,13.03
Missouri St.,MVC,63.8,101.0,107.4,50.9,20.7,32.1,34.3,54.7,19.1,28.4,38.5,-2.5,-2.1,27.1,0.1,1.19,36.0,65.4,37.0,0.83
Monmouth,CAA,67.0,103.9,112.4,47.2,16.2,29.8,36.7,50.7,16.6,34.8,36.1,0.8,1.0,27.6,41.9,1.7,35.2,74.2,34.6,-1.88
Montana,BSky,67.0,110.8,110.4,56.4,16.2,22.6,36.2,52.2,15.5,29.0,31.9,-1.7,-1.2,29.6,25.8,2.59,36.5,74.6,36.8,-2.22
Montana St.,BSky,65.8,105.3,107.3,52.8,15.1,20.7,31.9,48.8,15.3,29.4,31.9,-0.1,-0.5,40.8,45.2,2.12,34.3,72.5,43.0,-1.96
Morehead St.,OVC,63.9,97.6,112.4,45.9,18.4,31.2,37.6,50.3,14.4,25.4,34.7,0.0,0.5,39.1,16.9,1.62,31.2,67.4,34.1,-7.02
Morgan St.,MEAC,70.4,101.6,117.0,49.0,17.9,34.1,35.7,52.4,17.0,36.9,39.1,-0.0,0.1,33.0,64.9,1.4,31.6,72.5,21.7,-8.9
Mount St. Mary's,MAAC,67.4,100.1,106.8,51.0,21.7,31.1,31.0,48.0,15.9,28.3,26.6,-0.1,-0.7,28.2,34.5,1.41,34.9,73.0,41.0,-7.26
Murray St.,MVC,64.8,106.4,104.5,49.4,17.0,29.1,41.2,51.2,17.3,26.4,35.5,-1.1,-2.0,22.1,41.1,2.86,33.7,72.2,40.1,1.42
N.C. State,ACC,65.2,107.6,103.8,48.3,14.4,28.8,32.3,51.0,18.6,32.5,32.2,-0.2,0.5,33.5,41.3,2.46,32.2,72.6,36.2,6.94
NJIT,AE,66.4,93.2,113.5,45.3,18.0,27.7,27.4,50.0,13.8,31.8,38.6,-1.1,-1.6,30.4,33.1,0.65,30.5,73.0,37.8,-6.56
Navy,PL,66.9,102.3,111.4,48.0,16.1,31.3,33.8,52.5,17.8,27.2,33.8,-1.9,-0.4,23.8,61.3,1.22,33.3,73.1,37.1,-8.05
Nebraska,B10,67.3,113.2,98.4,51.6,16.2,26.8,36.0,50.9,17.6,28.8,27.0,1.1,1.5,32.9,36.5,2.79,32.5,74.8,38.5,12.17
Nebraska Omaha,Sum,67.7,111.0,110.5,53.5,15.7,29.2,36.4,53.1,14.9,25.4,37.7,0.0,-0.9,31.1,46.1,1.79,36.7,73.3,38.6,-2.51
Nevada,MWC,63.8,112.8,102.8,53.7,15.5,27.4,37.3,51.3,18.7,26.5,37.9,1.5,0.6,33.9,43.3,2.92,34.1,70.3,37.5,5.36
New Hampshire,AE,67.3,93.8,115.4,47.1,19.0,27.4,26.4,54.4,16.9,31.6,33.0,-0.1,0.2,34.6,8.6,0.51,31.7,65.3,40.8,-6.05
New Mexico,MWC,72.7,112.5,95.2,50.8,15.6,31.5,37.8,49.2,20.5,25.6,35.0,1.4,0.6,27.3,48.6,2.48,34.1,68.4,32.2,6.29
New Mexico St.,CUSA,64.8,104.3,101.3,46.2,15.6,32.5,34.5,46.9,15.0,27.7,39.2,0.1,0.4,33.8,30.1,1.72,30.9,67.7,37.0,2.33
New Orleans,Slnd,69.1,99.3,117.6,45.9,18.8,31.6,33.9,54.9,16.1,35.5,26.6,-0.9,-1.0,41.6,19.2,0.61,30.4,66.9,30.7,0.92
Niagara,MAAC,65.0,101.1,115.2,52.0,18.6,23.6,30.4,53.0,16.8,27.3,29.8,-1.0,-0.1,39.3,0.0,1.25,34.9,74.0,42.8,-8.11
Nicholls,Slnd,68.1,105.6,106.4,48.1,15.3,30.6,33.1,48.1,16.7,31.5,35.9,-0.9,-1.4,38.5,56.7,1.97,35.0,68.6,36.8,-1.88
Norfolk St.,MEAC,66.3,107.1,108.7,52.4,18.3,32.8,39.0,49.7,18.6,33.8,34.9,0.7,1.1,34.8,44.6,2.14,31.3,75.3,27.7,-7.23
North Alabama,ASun,66.5,111.9,107.0,51.7,12.5,33.5,30.8,50.5,16.8,29.0,27.6,-0.8,-0.8,18.5,30.6,1.87,34.8,70.0,34.8,-5.56
North Carolina,ACC,70.4,118.9,99.3,54.2,15.1,29.2,34.8,49.6,15.2,27.1,30.0,-0.2,-0.2,30.0,47.4,2.26,35.3,73.7,37.0,12.18
North Carolina A&T,CAA,69.0,96.9,113.3,45.8,15.4,27.0,31.2,51.5,15.3,31.4,30.0,-0.9,0.6,27.2,49.2,0.99,30.0,68.7,36.0,-3.1
North Carolina Central,MEAC,66.8,102.7,117.1,50.1,19.2,34.6,39.8,54.8,21.0,38.8,42.0,-1.2,-0.9,33.3,44.6,1.47,33.7,70.1,34.0,-6.92
North Dakota,Sum,69.0,107.6,115.8,49.7,16.6,33.7,33.6,56.5,15.0,28.7,33.0,-0.3,-0.8,29.6,42.2,1.05,32.5,70.1,40.0,-0.63
North Dakota St.,Sum,64.8,115.4,112.6,58.2,15.6,26.2,32.6,51.4,11.1,29.0,27.1,-0.1,0.6,28.4,41.7,1.49,39.8,79.0,53.6,-3.06
North Florida,ASun,72.2,109.5,117.4,53.2,15.0,28.0,24.8,54.1,14.7,34.2,31.1,-1.4,-1.9,32.1,46.7,1.53,35.0,67.9,54.0,-2.41
North Texas,Amer,60.4,109.3,98.2,51.6,17.0,33.1,36.6,46.8,19.5,27.7,39.5,0.5,-0.4,32.1,17.4,2.86,35.7,77.6,37.3,1.02
Northeastern,CAA,67.3,103.6,107.3,51.1,18.6,31.4,28.0,50.3,18.2,31.4,30.3,-0.9,-1.0,25.6,42.1,1.59,33.7,68.7,34.8,-4.06
Northern Arizona,BSky,66.8,104.2,110.8,50.3,15.4,31.5,29.6,53.3,14.8,23.8,34.3,-0.5,-0.9,28.3,49.8,2.21,34.5,66.2,38.2,-5.4
Northern Colorado,BSky,68.7,112.0,108.0,57.3,15.7,25.2,33.4,52.1,15.5,22.2,35.4,-0.5,-0.4,26.2,48.5,2.13,36.5,72.9,38.1,-4.11
Northern Illinois,MAC,68.8,94.3,112.4,47.2,16.3,17.8,31.6,53.2,16.6,30.7,44.0,-1.5,-1.2,32.2,11.7,1.15,32.7,70.8,49.2,-3.56
Northern Iowa,MVC,64.9,109.8,104.0,55.5,15.9,25.6,35.2,51.5,17.4,25.2,28.3,0.4,0.4,29.9,47.0,1.76,37.2,69.0,35.9,0.05
Northern Kentucky,Horz,66.1,102.6,108.3,49.8,17.3,31.0,31.3,52.5,19.9,32.5,29.3,-0.3,-0.7,26.4,51.8,1.9,32.7,67.2,40.3,-2.87
Northwestern,B10,64.9,113.9,97.5,49.8,14.9,31.2,31.3,49.9,19.8,30.1,36.6,1.0,2.1,32.9,51.3,2.23,33.3,73.3,34.2,12.44
Northwestern St.,Slnd,63.9,102.6,107.8,48.7,20.2,33.1,32.2,49.8,17.4,32.6,33.1,-0.5,-0.6,37.2,7.3,0.81,35.2,70.0,35.7,-0.31
Notre Dame,ACC,64.7,111.3,104.2,51.7,16.5,29.6,31.8,51.4,14.9,26.0,30.0,1.0,0.7,34.1,68.7,2.05,35.5,74.0,37.5,7.58
Oakland,Horz,63.8,107.1,108.5,50.1,18.0,34.1,31.7,51.5,16.2,32.5,27.8,-1.7,-2.4,31.3,25.9,1.27,30.6,69.9,42.3,-0.21
Ohio,MAC,70.3,106.0,109.1,53.4,14.9,23.9,33.5,52.3,17.8,29.0,36.4,-1.0,-0.9,34.4,53.9,1.84,35.0,76.5,40.1,-3.75
Ohio St.,B10,67.0,117.6,99.3,53.5,15.6,29.0,35.8,48.6,16.8,30.5,39.9,-0.5,0.0,27.9,30.6,2.16,36.8,74.8,37.7,14.35
Oklahoma,SEC,68.5,119.0,100.7,54.9,17.3,26.5,39.6,51.1,18.1,31.7,35.8,0.2,0.8,34.5,24.5,2.29,37.0,79.4,41.9,14.64
Oklahoma St.,B12,71.4,107.7,101.4,48.3,19.1,31.0,41.6,53.5,20.6,29.4,36.2,-0.1,-0.3,42.4,17.9,2.84,32.5,72.3,35.1,11.81
Old Dominion,SB,66.0,100.1,110.4,44.1,16.9,36.4,30.9,51.2,16.0,32.0,35.0,-0.0,0.5,25.8,18.8,1.41,28.3,71.7,35.8,-4.0
Oral Roberts,Sum,67.2,102.8,117.7,50.0,16.3,22.6,35.0,55.0,13.9,33.1,38.2,-1.1,-1.1,29.4,33.1,1.69,34.4,75.9,45.7,0.17
Oregon,B10,67.6,116.6,96.5,52.2,16.2,30.6,33.4,49.1,17.6,29.2,27.7,1.8,1.7,28.9,40.5,2.68,34.0,76.3,38.6,14.15
Oregon St.,WCC,63.7,116.2,106.9,54.6,16.6,31.8,38.9,51.1,16.6,27.6,32.3,0.8,0.4,25.3,21.6,1.45,36.5,78.9,35.9,0.89
Pacific,WCC,66.4,101.4,111.7,48.1,19.3,28.8,32.8,53.2,15.4,28.2,37.1,0.1,0.6,22.0,3.5,1.34,29.7,73.4,37.8,2.41
Penn,Ivy,66.8,103.9,114.9,49.4,16.4,26.9,28.9,53.0,13.4,29.7,25.8,-0.2,-0.1,32.9,46.8,1.51,32.6,69.7,44.4,-1.44
Penn St.,B10,69.8,114.7,101.0,54.1,17.4,28.6,37.9,51.9,19.8,29.1,29.4,1.0,1.0,29.5,57.1,2.49,34.3,75.6,36.2,9.31
Pepperdine,WCC,69.0,106.4,110.6,49.7,16.1,27.6,31.6,52.6,15.3,29.9,27.3,1.4,0.6,24.8,3.7,1.19,34.0,71.6,34.7,2.83
Pittsburgh,ACC,66.2,115.7,102.1,52.2,14.8,29.0,34.2,51.1,18.3,29.9,32.8,1.9,1.9,24.1,50.0,2.68,34.6,78.2,41.4,8.72
Portland,WCC,68.3,105.8,114.7,50.1,18.0,23.9,32.2,54.6,13.2,29.9,22.1,2.1,1.9,30.6,35.8,1.92,33.7,77.9,43.6,1.44
Portland St.,BSky,68.4,100.5,104.0,50.5,18.4,33.4,34.3,50.0,19.6,30.4,34.9,-0.2,-0.1,27.5,23.7,0.98,32.0,63.5,31.7,-4.55
Prairie View A&M,SWAC,70.1,95.5,117.7,48.2,16.7,24.5,33.8,56.2,20.0,39.1,40.5,-1.7,-1.7,33.3,6.1,1.15,31.5,69.1,33.7,-5.49
Presbyterian,BSth,64.1,104.5,109.9,51.2,16.3,29.6,31.3,52.5,17.7,31.3,39.2,-0.4,-1.1,30.5,43.8,1.71,36.1,68.1,34.2,-2.58
Princeton,Ivy,66.4,105.3,106.7,51.5,15.2,26.1,24.6,53.4,17.3,24.2,31.7,-0.6,-1.1,29.4,62.1,1.63,35.3,70.7,48.7,-0.95
Providence,BE,66.2,112.1,105.1,52.1,19.0,33.2,29.6,49.5,13.8,28.7,32.8,-0.1,0.7,32.5,34.0,1.9,35.6,68.6,45.5,9.76
Purdue,B10,65.0,124.2,100.4,56.3,15.6,31.0,34.6,52.0,17.8,29.9,31.0,0.5,0.4,29.6,54.2,1.74,38.5,73.0,38.1,15.71
Purdue Fort Wayne,Horz,69.7,109.0,109.1,54.7,13.8,22.0,29.1,53.3,20.1,32.8,30.0,-0.5,-1.2,29.9,73.8,1.91,37.1,75.1,45.6,-3.62
Queens,ASun,68.4,106.2,109.5,52.3,18.0,31.1,33.7,51.7,16.0,28.7,32.1,0.4,0.9,33.9,44.2,1.75,34.6,69.1,44.2,-3.5
Quinnipiac,MAAC,71.6,102.0,106.1,48.4,17.9,33.5,31.1,49.5,17.1,26.0,28.3,-0.5,-1.0,31.8,60.9,1.79,29.8,76.6,38.0,-6.92
Radford,BSth,62.7,110.4,109.7,51.1,17.7,33.8,41.3,51.0,16.5,30.0,36.9,0.3,0.1,38.1,12.0,1.01,35.6,76.1,36.3,-2.09
Rhode Island,A10,70.4,108.1,107.2,52.8,17.9,28.3,41.1,49.3,16.0,28.6,30.8,0.6,1.1,32.6,38.5,2.28,34.6,69.3,37.7,-0.65
Rice,Amer,65.3,106.3,108.6,48.6,17.8,33.7,43.3,47.8,14.0,29.6,35.9,1.0,1.1,37.6,18.5,1.85,33.2,68.3,38.8,-2.22
Richmond,A10,63.7,103.0,109.0,48.4,15.4,19.3,29.7,52.7,15.8,27.7,37.1,1.1,1.1,39.0,28.1,2.18,31.2,80.8,45.6,2.52
Rider,MAAC,64.8,101.7,115.0,47.7,17.1,32.2,29.6,53.1,16.0,30.7,27.3,-1.0,-0.7,29.7,33.9,1.7,31.2,72.2,30.1,-6.49
Robert Morris,Horz,67.8,107.0,104.9,51.3,18.5,35.3,38.4,50.3,18.8,28.3,30.0,-0.5,-0.7,26.8,11.7,1.44,34.9,72.0,36.8,-6.25
Rutgers,B10,68.6,115.1,104.3,50.6,15.4,30.8,36.2,52.8,17.4,32.3,30.5,1.3,0.6,38.8,15.1,1.57,32.9,71.8,36.3,13.23
SIUE,OVC,65.8,101.9,106.2,48.9,17.1,31.8,33.1,47.5,17.3,29.1,33.2,0.6,0.5,25.3,36.2,1.53,34.0,67.9,36.3,-9.1
SMU,ACC,68.4,116.6,100.4,54.7,17.4,36.7,36.7,47.8,17.9,30.5,32.5,2.2,3.2,33.7,28.8,2.78,37.6,72.1,35.1,6.01
Sacramento St.,BSky,65.5,95.3,113.2,48.0,20.3,27.4,31.3,55.1,17.1,27.6,39.2,0.2,0.9,33.3,30.4,0.8,31.2,68.2,44.9,-3.6
Sacred Heart,MAAC,70.2,104.7,112.7,51.0,17.7,31.4,26.4,51.8,17.6,29.9,27.6,-1.3,-1.4,33.0,9.5,1.24,34.5,73.5,44.7,-7.53
Saint Francis,NEC,66.9,99.7,112.4,51.6,19.6,25.4,23.8,51.3,16.4,30.0,28.7,-1.6,-1.6,30.4,27.8,0.64,33.4,72.5,41.9,-6.8
Saint Joseph's,A10,67.9,110.9,100.8,52.1,16.6,30.4,32.3,47.1,16.1,27.4,25.9,0.6,0.1,22.5,53.7,2.22,34.0,74.3,46.5,0.98
Saint Louis,A10,67.3,109.3,104.2,56.3,18.6,23.6,29.8,48.6,14.4,28.0,24.3,0.2,0.3,14.1,23.5,2.95,35.3,69.4,50.3,3.52
Saint Mary's,WCC,61.7,115.3,92.2,50.9,15.1,40.5,31.4,46.2,16.6,24.9,25.0,1.3,1.5,19.3,46.8,1.69,32.6,69.5,33.4,5.35
Saint Peter's,MAAC,63.8,94.9,106.3,44.7,20.6,37.0,34.7,47.3,17.7,31.0,37.6,0.1,0.1,29.0,40.5,1.18,32.2,73.6,38.5,-7.15
Sam Houston St.,CUSA,67.5,110.3,111.3,51.0,18.3,30.3,36.3,53.1,17.1,32.1,33.2,0.4,0.8,31.9,34.3,1.35,38.3,72.9,38.6,4.09
Samford,SC,70.9,112.5,108.1,54.6,18.3,34.6,29.3,53.2,21.8,33.5,41.8,-0.4,0.3,37.1,30.0,1.91,36.9,72.1,46.7,-2.66
San Diego,WCC,71.0,99.4,110.6,45.7,18.4,29.9,30.5,54.0,18.5,31.6,46.1,1.9,1.1,41.2,24.4,0.54,29.7,75.1,35.8,0.92
San Diego St.,MWC,66.0,109.8,93.5,50.7,16.8,29.3,32.0,45.3,19.6,30.9,37.2,1.8,1.7,33.9,12.1,1.53,32.8,66.7,39.4,8.73
San Francisco,WCC,67.7,111.7,99.0,53.0,17.0,29.0,35.0,48.7,18.2,28.1,35.9,0.7,1.3,33.8,43.6,1.77,34.0,71.7,43.6,3.76
San Jose St.,MWC,66.3,107.3,107.4,50.6,17.4,26.8,31.5,51.9,16.5,32.2,28.6,-0.7,0.4,33.3,6.7,1.85,35.1,73.5,41.2,4.73
Santa Clara,WCC,68.8,115.8,101.7,55.5,17.0,32.8,28.9,49.5,16.9,26.9,31.9,1.4,1.7,35.2,69.0,2.13,37.7,72.8,46.8,4.16
Seattle,WAC,65.9,104.0,102.4,46.5,17.0,29.9,42.3,51.2,20.9,27.0,36.7,-0.1,-0.8,35.0,39.5,2.08,31.3,71.3,36.3,-0.07
Seton Hall,BE,64.4,98.7,102.2,44.7,19.1,31.2,32.9,54.6,22.2,31.8,39.6,0.1,-0.0,40.3,20.4,1.74,31.2,66.3,30.5,9.95
Siena,MAAC,67.2,102.8,110.2,49.4,17.2,28.8,37.3,51.7,18.2,30.0,31.4,0.7,1.3,26.3,6.2,0.42,32.8,74.3,39.9,-6.8
South Alabama,SB,63.1,107.4,103.3,50.8,14.6,28.3,33.6,48.5,20.6,32.2,24.4,-1.7,-2.4,34.4,15.1,0.69,31.7,70.9,45.6,-4.2
South Carolina,SEC,65.3,110.4,98.9,48.9,18.4,30.4,43.3,51.5,15.6,27.3,30.4,0.6,0.6,32.0,44.0,1.89,31.6,71.5,39.0,14.44
South Carolina St.,MEAC,69.1,102.6,105.0,50.8,19.9,35.7,42.9,50.1,22.8,32.7,47.0,-0.1,0.5,43.7,65.4,1.33,34.7,70.2,33.0,-8.6
South Dakota,Sum,74.6,109.3,115.4,50.1,12.6,30.0,45.4,54.8,17.3,35.7,35.2,-0.6,0.6,38.1,49.0,1.84,31.6,71.4,37.5,-3.34
South Dakota St.,Sum,68.9,109.7,107.0,53.6,17.6,33.6,31.2,50.9,12.7,21.4,29.9,0.7,1.5,31.2,20.0,0.77,34.8,75.3,40.0,-1.77
South Florida,Amer,68.2,103.5,106.3,49.7,16.2,27.7,34.9,49.7,18.3,33.2,36.7,-0.3,0.4,35.3,36.7,2.06,31.6,71.8,37.6,0.36
Southeast Missouri,OVC,68.8,101.8,105.1,51.3,15.4,24.0,28.9,47.6,19.0,28.7,42.8,-0.7,-0.1,31.5,45.5,0.91,34.5,71.8,36.0,-7.43
Southeastern Louisiana,Slnd,66.9,104.6,107.3,49.2,17.4,30.9,34.7,51.4,18.8,29.4,36.5,-0.1,0.9,28.3,21.6,2.14,32.4,74.5,31.6,-3.92
Southern,SWAC,68.5,98.9,104.6,47.2,18.5,34.4,38.1,49.2,21.1,28.5,42.3,-1.3,-0.7,46.5,21.1,0.69,31.2,65.5,33.3,-8.0
Southern Illinois,MVC,67.9,105.6,108.3,51.6,18.3,30.3,34.2,52.6,15.2,28.0,33.7,-0.6,-0.6,28.1,15.4,1.44,35.1,67.8,33.6,1.19
Southern Indiana,OVC,66.9,98.2,114.8,47.9,17.2,27.9,30.7,51.8,16.7,31.3,35.6,-0.8,-0.9,29.8,30.7,1.08,35.2,73.9,33.5,-7.9
Southern Miss,SB,70.8,97.6,108.9,47.9,19.5,28.1,33.8,50.2,16.1,30.2,35.4,-1.5,-2.4,29.5,20.7,1.89,29.8,69.4,36.9,-2.44
Southern Utah,WAC,68.9,98.1,109.3,46.8,21.6,30.1,36.2,49.9,15.1,32.0,33.0,0.2,-0.1,41.5,28.9,1.09,30.5,72.9,32.6,-1.35
St. Bonaventure,A10,64.3,106.3,100.6,50.2,16.1,28.0,30.9,49.7,18.7,26.9,24.4,0.8,1.3,17.4,7.0,1.31,31.4,73.6,34.9,1.48
St. John's,BE,70.1,113.9,87.5,49.7,15.6,37.3,30.2,46.6,21.9,28.9,30.4,0.3,0.5,25.7,19.5,2.35,30.4,68.9,30.3,9.11
St. Thomas,Sum,67.8,113.6,110.1,57.8,13.8,21.4,34.0,52.5,18.5,31.2,35.9,-1.0,-1.0,31.1,47.8,1.33,38.3,77.7,46.8,-3.51
Stanford,ACC,66.0,112.1,102.6,50.4,15.8,31.1,29.7,50.6,17.6,28.2,36.0,2.4,3.3,25.5,24.1,1.39,34.0,78.8,41.5,6.07
Stephen F. Austin,Slnd,67.4,95.1,104.6,46.7,22.2,34.6,32.3,49.2,20.2,33.1,34.1,-0.1,-0.0,32.7,46.0,1.69,28.7,63.0,36.9,-2.78
Stetson,ASun,67.6,99.4,118.7,50.2,18.7,24.1,33.1,53.1,13.1,34.3,27.7,0.9,1.3,34.6,18.2,0.85,33.5,73.9,37.7,-4.39
Stonehill,NEC,64.9,100.8,115.0,51.0,18.3,26.4,31.4,50.9,16.2,29.4,32.7,-0.7,-1.4,29.9,33.2,1.16,35.4,72.1,44.5,-9.71
Stony Brook,CAA,64.4,101.9,117.6,47.7,18.3,29.5,31.6,56.0,14.9,31.3,28.4,-0.7,-0.3,27.5,23.9,1.93,33.8,74.5,39.1,-3.23
Syracuse,ACC,68.1,110.3,105.9,51.0,17.9,31.4,33.1,52.9,14.1,26.1,33.0,0.7,1.1,34.1,30.3,2.48,32.8,70.5,32.7,8.6
TCU,B12,66.5,105.8,97.0,46.8,17.3,33.0,33.5,50.9,19.5,29.6,28.3,0.6,0.7,35.0,7.3,1.92,30.0,64.7,34.7,13.1
Tarleton St.,WAC,65.5,93.0,103.4,45.9,25.1,28.1,41.5,52.1,23.3,33.9,48.4,-1.3,-1.9,33.6,5.6,0.48,32.2,72.9,25.6,1.39
Temple,Amer,68.6,110.0,110.6,49.9,15.7,32.0,45.2,50.6,15.1,31.2,36.4,0.3,0.2,33.4,35.6,2.31,35.8,73.4,31.3,-0.22
Tennessee,SEC,63.6,120.3,89.1,52.8,16.0,35.4,35.4,44.4,17.8,30.1,29.4,1.2,1.3,25.3,36.2,2.93,34.0,74.3,43.0,15.95
Tennessee Martin,OVC,66.2,101.7,112.7,47.6,19.5,34.7,34.4,52.3,18.9,30.7,33.9,-0.8,-1.6,39.9,0.0,0.29,31.1,69.4,47.3,-7.42
Tennessee St.,OVC,70.3,102.2,109.5,51.3,21.1,33.8,41.4,48.8,17.4,30.3,39.3,-0.1,0.4,34.2,2.5,0.96,32.6,68.4,33.6,-8.52
Tennessee Tech,OVC,67.7,100.8,113.1,50.7,17.4,25.0,28.9,49.6,15.2,32.4,22.2,-1.4,-1.6,32.6,36.2,0.92,35.1,70.8,46.4,-7.87
Texas,SEC,67.4,116.7,99.5,52.5,14.4,29.8,36.6,48.4,16.6,29.7,39.3,0.5,0.9,32.0,17.2,2.85,35.9,74.9,35.4,14.0
Texas A&M,SEC,66.1,116.2,92.1,47.5,18.2,42.0,41.7,48.2,19.7,27.8,35.3,-0.5,-0.9,39.0,68.7,2.98,31.1,69.5,37.6,16.14
Texas A&M Corpus Chris,Slnd,67.4,106.0,105.7,52.8,17.8,31.9,36.7,49.9,18.3,30.7,40.4,0.1,-0.8,45.0,53.6,1.37,34.7,62.2,29.2,-3.76
Texas Southern,SWAC,69.9,96.6,106.2,47.5,19.8,30.5,28.9,47.4,19.6,34.7,36.2,-0.1,0.1,42.7,42.3,1.74,33.1,72.0,35.8,-7.29
Texas St.,SB,65.9,109.4,112.4,50.7,18.1,35.1,36.0,49.9,16.0,31.5,41.6,-1.3,-1.5,38.1,42.6,1.9,36.2,76.0,28.0,-2.87
Texas Tech,B12,65.4,125.3,97.2,55.5,14.8,34.3,29.7,48.0,17.4,28.5,33.5,-0.3,0.6,29.8,38.7,2.65,37.9,76.4,44.6,11.25
The Citadel,SC,64.5,94.9,116.7,46.9,19.5,27.2,32.8,54.5,15.2,32.0,32.8,-1.6,-2.2,32.5,10.2,0.29,29.2,62.3,45.2,-3.29
Toledo,MAC,67.9,112.0,118.1,50.5,13.7,29.9,35.5,56.5,15.4,30.9,26.5,-0.4,-0.7,25.7,47.4,1.87,33.6,75.7,28.5,-2.31
Towson,CAA,63.6,106.8,106.2,47.9,14.5,35.3,28.4,50.8,17.3,28.0,30.7,-0.2,-0.4,35.5,74.7,2.17,33.4,68.2,37.2,-2.14
Troy,SB,66.3,107.7,100.8,50.1,19.9,38.6,37.8,47.2,19.8,32.0,29.3,-0.1,-0.8,35.2,66.0,1.09,30.3,72.6,44.8,-2.91
Tulane,Amer,66.6,108.8,106.6,52.1,15.9,27.2,35.1,48.4,17.4,32.4,32.8,0.0,-0.8,21.1,9.3,0.88,33.9,75.2,39.4,-1.26
Tulsa,Amer,66.2,101.4,110.0,49.5,16.9,27.2,34.2,49.7,14.4,31.1,33.6,-0.5,-0.8,33.9,34.5,2.67,31.2,67.2,42.3,-1.45
UAB,Amer,69.0,116.8,111.3,50.7,13.9,38.8,31.6,51.6,15.5,30.7,29.2,0.3,-0.4,29.0,58.3,1.74,34.1,75.6,29.4,-0.96
UC Davis,BW,66.9,97.1,103.6,46.3,19.7,27.6,38.3,50.0,21.8,33.6,39.2,-0.8,-0.8,25.8,49.0,1.6,32.2,74.4,35.5,0.48
UC Irvine,BW,68.7,107.5,95.1,51.6,18.3,28.5,36.3,46.2,17.9,25.9,21.9,0.8,2.6,30.1,42.6,1.74,35.2,81.0,35.1,0.72
UC Riverside,BW,67.1,110.1,108.5,49.5,15.9,32.3,28.7,51.4,15.8,28.9,33.4,1.1,0.5,32.0,58.0,1.24,33.5,76.8,42.3,1.74
UC San Diego,BW,65.6,115.2,96.5,55.4,13.4,25.6,33.8,47.7,23.3,28.4,29.8,-1.3,-1.5,23.1,43.1,1.12,36.5,74.6,49.6,-1.63
UC Santa Barbara,BW,65.4,108.8,107.2,54.6,18.2,27.6,29.7,48.9,17.2,29.2,32.0,1.0,1.1,30.3,36.2,2.57,38.1,77.2,47.4,-2.35
UCF,B12,71.9,115.4,103.8,49.4,17.1,32.4,36.3,51.2,18.1,34.4,30.9,1.8,3.1,29.1,22.1,2.21,33.6,77.7,41.3,11.98
UCLA,B10,64.9,116.8,95.1,53.0,15.9,32.8,32.9,50.5,22.8,29.2,34.6,1.2,1.5,35.5,34.4,2.23,35.2,70.3,36.0,12.54
UMBC,AE,70.4,106.5,117.9,55.2,15.9,19.4,31.6,54.1,17.4,33.7,27.9,-1.4,-1.7,28.7,51.2,1.72,38.4,70.0,38.4,-7.5
UMass Lowell,AE,68.5,108.6,114.9,54.6,18.1,26.1,31.6,51.6,14.7,30.3,25.2,-1.3,-1.8,22.3,55.7,2.52,34.2,77.2,34.6,-7.4
UNC Asheville,BSth,68.1,109.0,112.1,52.0,14.8,29.7,34.4,53.4,18.0,34.1,40.1,0.1,-0.6,20.9,39.8,2.2,34.2,72.2,35.0,-3.3
UNC Greensboro,SC,63.8,107.2,105.4,50.7,15.3,31.1,29.8,47.8,16.4,30.1,34.0,-0.7,-1.4,34.2,48.0,2.1,36.2,73.7,42.4,-2.32
UNC Wilmington,CAA,65.3,112.3,107.1,52.2,16.0,35.5,37.8,50.9,17.4,28.1,30.3,0.5,1.1,37.7,35.4,2.64,33.0,75.3,36.2,-4.62
UNLV,MWC,65.7,107.5,100.0,49.7,16.2,27.3,35.8,49.3,17.8,29.8,32.0,0.6,1.8,29.2,24.1,2.12,33.3,71.7,34.6,6.0
USC,B10,68.2,116.6,103.7,54.6,17.8,28.2,36.4,52.4,17.8,30.9,34.9,-0.4,-0.8,25.8,0.3,2.51,36.7,74.6,34.7,12.15
USC Upstate,BSth,72.7,98.4,115.9,49.8,19.0,25.3,30.4,56.1,16.6,32.4,39.5,-1.2,-1.4,36.7,0.1,0.01,29.4,67.7,36.9,-0.82
UT Arlington,WAC,67.5,107.3,112.3,51.7,19.2,32.8,37.0,50.4,16.4,32.5,34.3,0.5,0.3,31.5,11.2,1.73,35.4,65.3,42.2,-1.4
UT Rio Grande Valley,Slnd,70.4,104.7,110.9,51.7,19.2,30.8,22.7,51.4,17.6,33.9,29.9,-1.6,-1.4,29.4,6.5,1.75,31.8,71.1,49.0,-3.56
UTEP,CUSA,68.7,105.2,104.9,49.3,16.6,25.4,37.0,52.4,22.0,32.4,40.0,-0.8,-0.4,31.0,56.1,1.51,34.7,71.7,36.3,2.45
UTSA,Amer,69.9,107.2,109.6,49.7,15.7,27.0,29.0,53.3,20.6,35.5,43.9,-0.5,0.1,21.4,1.0,2.43,36.1,79.1,44.1,1.37
Utah,B12,68.7,112.4,101.7,51.7,18.1,34.9,37.0,48.7,15.7,28.4,33.4,2.2,2.1,40.8,33.3,2.04,32.6,63.9,43.8,10.55
Utah St.,MWC,67.5,120.7,105.5,56.0,16.0,34.6,37.6,51.8,20.2,30.3,36.2,0.3,1.1,35.7,34.5,2.16,35.8,70.2,42.3,5.69
Utah Tech,WAC,67.4,101.7,113.5,48.8,18.3,26.2,33.6,53.0,17.4,33.5,41.1,-1.6,-1.8,26.3,36.2,1.65,33.4,70.2,39.8,-0.04
Utah Valley,WAC,67.9,106.7,102.2,50.8,17.3,31.1,41.8,47.4,16.9,26.6,31.8,0.5,0.2,36.2,34.0,0.78,33.0,69.1,31.1,-1.9
VCU,A10,66.1,116.3,95.7,52.4,16.8,36.7,32.2,44.4,20.6,30.0,36.1,1.4,0.6,33.4,51.8,2.66,33.5,74.5,47.4,1.3
VMI,SC,68.1,100.2,110.8,48.5,18.0,25.2,37.5,54.2,17.6,32.0,30.5,-1.1,-1.4,24.5,10.5,0.74,31.0,76.7,46.9,-2.54
Valparaiso,MVC,68.0,105.8,109.7,47.7,14.0,26.5,33.6,53.7,17.1,28.5,35.4,0.2,0.3,28.1,36.2,1.4,32.3,79.0,38.4,0.1
Vanderbilt,SEC,69.4,117.9,101.8,51.7,14.7,32.2,34.0,52.9,20.0,29.7,39.0,-1.2,-1.9,38.0,2.4,2.38,32.5,74.7,40.2,12.91
Vermont,AE,62.4,99.2,105.4,49.0,17.3,26.2,29.8,48.8,15.7,25.8,27.1,-0.1,-0.9,29.2,62.3,2.41,32.3,72.1,43.5,-7.09
Villanova,BE,63.0,118.2,104.0,54.9,15.6,30.2,28.9,51.1,16.0,27.4,30.1,0.3,0.5,20.0,24.8,2.89,39.8,80.0,43.6,7.71
Virginia,ACC,61.1,110.7,105.4,52.7,16.4,22.4,26.4,50.8,15.7,29.7,28.8,1.4,1.2,32.5,41.7,1.52,37.5,75.3,42.8,8.72
Virginia Tech,ACC,65.1,106.4,106.2,51.2,20.1,31.0,30.8,52.3,16.2,29.2,31.8,0.2,0.2,39.7,14.8,1.04,35.0,71.4,40.4,6.99
Wagner,NEC,60.3,92.2,110.3,43.7,19.4,31.8,29.3,50.4,18.2,25.0,39.9,-0.7,-0.8,36.9,45.0,1.9,31.6,71.1,37.6,-10.37
Wake Forest,ACC,67.1,108.2,97.0,49.4,16.7,26.8,36.1,47.2,19.7,31.5,31.5,0.6,1.3,21.2,51.5,2.14,28.5,75.6,35.2,8.55
Washington,B10,67.6,109.1,104.0,50.6,17.5,27.5,34.5,53.0,16.7,28.5,36.2,0.5,0.1,34.1,10.5,2.5,34.4,69.0,35.7,12.72
Washington St.,WCC,70.5,111.6,107.7,56.7,20.4,31.3,32.4,51.3,17.3,33.4,32.6,1.5,1.3,30.6,4.5,1.68,36.5,69.8,41.5,4.16
Weber St.,BSky,65.6,101.1,112.6,50.2,16.9,24.4,34.7,53.4,16.5,30.1,37.2,0.7,1.3,36.7,40.1,1.7,32.4,70.1,37.2,-2.46
West Georgia,ASun,68.0,96.8,115.1,47.2,16.2,26.1,28.8,56.1,16.6,29.2,36.3,-1.4,-1.7,35.3,0.0,0.0,29.7,69.0,30.1,-2.32
West Virginia,B12,64.2,109.0,93.9,50.0,16.2,25.9,25.6,46.3,19.4,30.8,32.2,0.2,-0.1,27.4,0.0,2.14,32.6,72.0,46.1,13.17
Western Carolina,SC,70.3,95.2,112.3,45.4,19.0,25.8,27.0,51.1,13.5,29.4,34.0,0.6,0.3,32.9,9.8,0.56,29.7,73.4,48.2,0.02
Western Illinois,OVC,64.2,99.0,117.2,50.2,18.2,27.9,27.2,51.1,14.4,31.8,30.6,-0.6,-1.0,23.8,21.9,1.28,37.4,69.2,37.1,-8.06
Western Kentucky,CUSA,71.6,103.4,103.1,47.9,15.5,23.5,32.1,47.4,17.0,28.1,40.6,-0.1,0.3,36.9,55.6,1.76,31.7,72.2,39.7,2.2
Western Michigan,MAC,67.8,101.4,112.4,47.0,15.8,34.4,31.0,54.5,16.6,27.9,33.2,0.7,0.1,35.0,31.8,1.23,28.2,67.4,32.9,-3.81
Wichita St.,Amer,68.6,106.8,104.1,48.7,16.4,31.9,35.2,49.9,15.7,28.4,28.3,-0.3,1.0,34.0,53.0,2.87,30.2,72.6,28.4,1.49
William & Mary,CAA,71.2,107.3,112.6,53.7,18.1,26.2,35.6,53.5,17.6,30.2,35.5,-0.6,-1.3,39.8,43.1,1.77,34.5,72.9,51.5,-2.82
Winthrop,BSth,72.6,108.3,108.3,53.3,17.7,31.2,47.7,51.4,18.7,31.5,37.1,-0.8,-1.4,34.1,57.1,2.66,33.8,66.2,38.3,-3.82
Wisconsin,B10,67.6,122.0,96.0,53.6,14.1,28.0,33.8,47.9,14.5,26.6,28.1,1.4,2.3,31.3,46.3,2.6,34.9,82.8,48.1,13.86
Wofford,SC,64.0,113.6,109.5,53.3,16.9,35.5,31.1,51.8,14.9,26.1,36.2,-1.0,-0.7,31.8,66.0,2.12,34.5,66.8,47.7,-0.73
Wright St.,Horz,67.4,109.5,114.1,56.4,17.8,27.8,27.1,53.2,14.2,27.9,34.5,-1.1,-1.4,30.4,46.5,2.0,38.6,70.0,37.8,-3.37
Wyoming,MWC,64.6,103.6,105.5,50.3,19.9,30.0,30.4,51.0,15.8,27.2,41.1,0.2,0.3,38.2,9.6,1.79,34.4,65.2,40.7,4.99
Xavier,BE,69.1,115.5,98.3,53.9,16.0,25.2,37.2,50.6,17.6,25.2,28.1,0.5,0.1,24.2,25.9,3.54,38.8,79.4,37.4,9.39
Yale,Ivy,67.2,115.1,104.0,54.8,14.4,33.2,32.0,48.8,16.1,25.8,28.7,-0.7,-0.8,29.7,53.0,1.71,38.5,73.6,32.0,-2.56
Youngstown St.,Horz,69.2,102.1,105.4,49.8,17.6,29.3,36.4,48.8,18.0,31.2,35.8,0.5,2.0,33.5,14.5,1.88,31.3,73.7,46.2,-4.84
