,Team,Conference,AdjTempo,AdjTempo.Rank,AdjOE,AdjOE.Rank,Off-eFG%,Off-eFG%.Rank,Off-TO%,Off-TO%.Rank,Off-OR%,Off-OR%.Rank,Off-FTRate,Off-FTRate.Rank,AdjDE,AdjDE.Rank,Def-eFG%,Def-eFG%.Rank,Def-TO%,Def-TO%.Rank,Def-OR%,Def-OR%.Rank,Def-FTRate,Def-FTRate.Rank
0,Florida,SEC,69.6,59,128.6,1,55.0,37,15.0,38,38.1,8,32.6,189,92.4,10,45.3,7,17.0,184,28.8,126,33.0,179
1,Auburn,SEC,67.6,153,128.4,2,55.7,26,13.4,6,34.3,51,33.5,168,93.4,12,46.0,11,17.4,161,30.3,213,39.2,317
2,Duke,ACC,65.7,266,128.0,3,57.4,5,14.4,20,35.2,35,32.1,203,89.8,4,44.5,3,17.7,136,26.5,39,25.4,22
3,Alabama,SEC,74.9,1,126.5,4,56.4,15,16.7,149,34.7,40,40.1,25,96.6,32,47.9,50,13.5,348,29.2,153,33.9,206
4,Missouri,SEC,68.2,121,125.3,5,56.2,18,15.2,47,33.7,66,46.8,2,100.9,73,50.7,170,20.0,44,32.2,300,35.3,238
5,Texas Tech,B12,65.4,281,125.3,6,55.5,30,14.8,32,34.3,53,29.7,280,97.2,37,48.0,53,17.4,165,28.5,111,33.5,197
6,Purdue,B10,65.0,297,124.2,7,56.3,16,15.6,68,31.0,150,34.6,130,100.4,63,52.0,242,17.8,131,29.9,186,31.0,126
7,Kentucky,SEC,70.9,23,123.8,8,56.0,20,15.2,44,28.7,221,35.9,96,99.5,56,50.4,156,14.0,341,25.9,25,31.0,128
8,Gonzaga,WCC,70.2,46,123.6,9,55.7,25,13.2,4,32.7,95,30.9,250,96.3,29,47.5,37,18.2,103,26.4,34,28.6,67
9,Houston,B12,61.4,360,123.2,10,52.7,89,14.6,27,36.1,15,28.2,317,87.8,2,44.9,4,21.7,17,29.3,158,34.1,214
10,BYU,B12,67.2,180,123.0,11,57.2,7,17.6,207,33.3,77,30.2,270,100.6,68,50.6,165,17.2,174,26.0,28,29.5,90
11,Arizona,B12,69.9,54,122.5,12,52.9,83,16.2,116,35.9,19,36.6,72,96.8,33,48.6,74,16.6,212,28.5,108,29.2,80
12,Wisconsin,B10,67.6,152,122.0,13,53.6,67,14.1,17,28.0,238,33.8,158,96.0,27,47.9,51,14.5,331,26.6,42,28.1,55
13,Connecticut,BE,63.7,344,121.9,14,55.5,27,17.1,178,35.6,24,30.6,256,102.6,94,48.3,59,15.5,291,27.4,64,40.0,333
14,Illinois,B10,71.3,18,121.6,15,52.3,104,15.8,87,36.0,18,34.6,132,98.1,41,47.3,32,12.7,360,26.3,33,26.8,36
15,Baylor,B12,64.5,319,120.8,16,51.5,136,16.1,106,35.6,25,31.0,242,99.7,58,51.2,195,18.8,84,31.2,254,33.5,196
16,Utah St.,MWC,67.5,159,120.7,17,56.0,21,16.0,96,34.6,43,37.6,52,105.5,149,51.8,232,20.2,38,30.3,211,36.2,265
17,Tennessee,SEC,63.6,346,120.3,18,52.8,85,16.0,98,35.4,30,35.4,111,89.1,3,44.4,2,17.8,126,30.1,201,29.4,88
18,Iowa,B10,69.5,61,119.6,19,56.8,9,13.7,9,25.1,320,26.0,344,106.8,173,54.4,330,17.9,122,32.2,298,28.3,62
19,Iowa St.,B12,68.6,102,119.4,20,54.6,50,16.9,162,32.2,110,38.5,40,92.4,9,48.4,67,21.8,14,28.4,105,28.9,74
20,Oklahoma,SEC,68.5,106,119.0,21,54.9,38,17.3,186,26.5,277,39.6,29,100.7,70,51.1,191,18.1,112,31.7,277,35.8,253
21,North Carolina,ACC,70.4,34,118.9,22,54.2,52,15.1,41,29.2,204,34.8,125,99.3,53,49.6,115,15.2,310,27.1,54,30.0,103
22,Mississippi St.,SEC,68.1,124,118.7,23,51.7,122,15.1,39,34.1,57,31.6,212,98.6,47,51.9,239,19.0,74,29.5,167,35.4,244
23,Clemson,ACC,64.2,327,118.7,24,53.6,64,15.7,79,33.7,67,28.2,316,94.7,16,48.9,89,20.1,42,29.9,191,27.6,46
24,High Point,BSth,66.4,222,118.5,25,56.4,12,15.3,51,34.0,60,37.6,53,109.1,227,49.1,94,16.5,225,29.9,188,36.3,270
25,Villanova,BE,63.0,354,118.2,26,54.9,39,15.6,74,30.2,173,28.9,308,104.0,113,51.1,193,16.0,262,27.4,62,30.1,107
26,Michigan St.,B10,67.7,144,118.1,27,51.2,151,16.6,145,35.3,31,37.8,47,90.6,5,46.1,13,16.4,228,24.6,8,33.1,182
27,Maryland,B10,69.8,56,118.1,28,53.8,59,14.5,23,31.0,151,32.9,180,91.8,6,47.0,27,20.2,39,27.2,58,25.9,28
28,Louisville,ACC,68.7,90,118.1,29,53.4,72,16.5,135,32.2,108,34.5,135,95.5,21,49.2,96,18.6,93,27.2,56,26.8,37
29,Vanderbilt,SEC,69.4,64,117.9,30,51.7,128,14.7,29,32.2,111,34.0,150,101.8,83,52.9,276,20.0,47,29.7,178,39.0,310
30,Mississippi,SEC,68.0,130,117.8,31,51.1,158,12.8,3,25.4,313,35.6,105,95.8,25,50.5,157,20.5,34,30.8,233,39.5,323
31,Marquette,BE,67.6,156,117.7,32,52.0,114,13.5,8,30.1,176,26.1,341,96.1,28,49.9,127,21.5,20,31.0,244,30.2,109
32,Ohio St.,B10,67.0,195,117.6,33,53.5,68,15.6,71,29.0,211,35.8,98,99.3,54,48.6,75,16.8,195,30.5,222,39.9,331
33,Creighton,BE,67.0,192,116.9,34,55.8,24,18.1,246,26.9,266,28.5,313,98.2,42,47.0,25,11.7,361,27.2,57,16.9,1
34,UCLA,B10,64.9,301,116.8,35,53.0,82,15.9,91,32.8,91,32.9,181,95.1,17,50.5,163,22.8,7,29.2,152,34.6,220
35,UAB,Amer,69.0,79,116.8,36,50.7,181,13.9,15,38.8,5,31.6,213,111.3,268,51.6,226,15.5,295,30.7,230,29.2,81
36,Texas,SEC,67.4,172,116.7,37,52.5,95,14.4,18,29.8,190,36.6,71,99.5,57,48.4,64,16.6,220,29.7,179,39.3,319
37,USC,B10,68.2,122,116.6,38,54.6,49,17.8,221,28.2,232,36.4,74,103.7,108,52.4,256,17.8,133,30.9,236,34.9,231
38,Oregon,B10,67.6,151,116.6,39,52.2,105,16.2,120,30.6,162,33.4,170,96.5,31,49.1,93,17.6,141,29.2,154,27.7,50
39,SMU,ACC,68.4,109,116.6,40,54.7,43,17.4,193,36.7,11,36.7,70,100.4,64,47.8,47,17.9,121,30.5,221,32.5,165
42,VCU,A10,66.1,241,116.3,41,52.4,102,16.8,157,36.7,12,32.2,198,95.7,23,44.4,1,20.6,31,30.0,199,36.1,263
43,Oregon St.,WCC,63.7,345,116.2,42,54.6,46,16.6,143,31.8,122,38.9,35,106.9,179,51.1,188,16.6,218,27.6,71,32.3,161
44,Colorado St.,MWC,65.9,252,116.2,43,55.8,23,17.4,194,26.4,279,31.8,208,98.9,49,48.5,68,16.7,202,25.3,16,33.6,200
45,Texas A&M,SEC,66.1,237,116.2,44,47.5,317,18.2,249,42.0,1,41.7,17,92.1,7,48.2,58,19.7,54,27.8,76,35.3,239
46,Butler,BE,67.4,167,116.1,45,53.0,80,16.4,126,26.4,278,37.3,59,105.6,151,49.5,109,11.5,362,29.3,157,20.4,3
47,Boise St.,MWC,65.2,291,116.0,46,52.1,113,16.9,161,33.2,78,39.2,33,100.0,60,49.6,116,16.0,258,22.6,3,31.2,130
48,Michigan,B10,69.4,65,116.0,47,54.5,51,19.8,328,33.2,81,35.0,123,93.7,14,46.3,17,16.0,266,29.8,182,28.5,65
49,Kansas,B12,68.3,113,116.0,48,53.1,78,16.7,153,30.4,166,24.3,355,92.7,11,46.2,15,15.6,284,27.5,68,28.0,54
50,Santa Clara,WCC,68.8,88,115.8,49,55.5,28,17.0,172,32.8,92,28.9,305,101.7,81,49.5,112,16.9,190,26.9,47,31.9,152
51,Pittsburgh,ACC,66.2,233,115.7,50,52.2,107,14.8,33,29.0,207,34.2,146,102.1,85,51.1,189,18.3,100,29.9,186,32.8,174
52,Dayton,A10,65.9,259,115.6,51,52.6,93,15.5,62,29.6,196,37.9,46,104.6,129,50.4,155,17.7,134,28.8,128,30.7,121
53,Xavier,BE,69.1,74,115.5,52,53.9,55,16.0,100,25.2,317,37.2,60,98.3,44,50.6,166,17.6,148,25.2,14,28.1,56
54,UCF,B12,71.9,11,115.4,53,49.4,255,17.1,176,32.4,102,36.3,82,103.8,110,51.2,196,18.1,111,34.4,348,30.9,124
55,Georgia,SEC,66.4,221,115.4,54,52.5,96,18.9,291,36.1,16,39.8,27,96.0,26,47.2,29,18.0,117,31.8,280,30.4,115
56,North Dakota St.,Sum,64.8,302,115.4,55,58.2,3,15.6,70,26.2,285,32.6,188,112.6,297,51.4,208,11.1,363,29.0,140,27.1,41
57,Saint Mary's,WCC,61.7,359,115.3,56,50.9,171,15.1,43,40.5,2,31.4,225,92.2,8,46.2,14,16.6,214,24.9,11,25.0,18
58,UC San Diego,BW,65.6,271,115.2,57,55.4,32,13.4,7,25.6,307,33.8,156,96.5,30,47.7,43,23.3,2,28.4,102,29.8,93
59,Chattanooga,SC,66.4,218,115.2,58,56.5,11,15.4,57,25.8,304,31.5,222,110.2,246,51.2,201,16.3,243,30.0,194,33.8,205
60,Yale,Ivy,67.2,184,115.1,59,54.8,41,14.4,19,33.2,79,32.0,204,104.0,117,48.8,88,16.1,253,25.8,22,28.7,71
61,Rutgers,B10,68.6,99,115.1,60,50.6,193,15.4,55,30.8,156,36.2,85,104.3,124,52.8,273,17.4,163,32.3,302,30.5,116
62,Cornell,Ivy,70.9,26,114.9,61,58.7,1,16.8,155,25.5,309,28.6,312,111.5,273,52.2,246,15.3,303,28.9,133,31.3,135
63,Penn St.,B10,69.8,55,114.7,62,54.1,54,17.4,200,28.6,222,37.9,45,101.0,74,51.9,236,19.8,52,29.1,147,29.4,85
64,McNeese,Slnd,65.3,283,114.3,63,53.3,75,16.2,115,34.7,42,35.7,103,100.6,66,47.5,39,21.6,18,31.3,259,31.4,139
65,Northwestern,B10,64.9,299,113.9,64,49.8,236,14.9,34,31.2,139,31.3,228,97.5,39,49.9,131,19.8,50,30.1,205,36.6,276
66,St. John's,BE,70.1,49,113.9,65,49.7,244,15.6,67,37.3,9,30.2,269,87.5,1,46.6,19,21.9,13,28.9,132,30.4,113
67,Akron,MAC,71.4,16,113.7,66,55.4,31,16.6,139,33.0,86,26.8,333,107.1,183,49.5,113,17.1,179,29.0,138,33.7,202
68,Wofford,SC,64.0,333,113.6,67,53.3,74,16.9,164,35.5,27,31.1,239,109.5,231,51.8,233,14.9,322,26.1,32,36.2,266
69,Indiana,B10,67.9,136,113.6,68,51.1,155,16.7,152,31.5,130,33.1,176,97.4,38,49.8,125,16.4,237,28.1,92,29.6,92
70,St. Thomas,Sum,67.8,139,113.6,69,57.8,4,13.8,11,21.4,354,34.0,151,110.1,244,52.5,261,18.5,94,31.2,254,35.9,257
71,Miami FL,ACC,67.4,164,113.5,70,51.9,117,16.0,101,28.2,231,26.4,338,116.0,340,57.4,362,15.0,318,30.8,232,28.8,73
72,Nebraska,B10,67.3,173,113.2,71,51.6,134,16.2,114,26.8,272,36.0,90,98.4,45,50.9,178,17.6,140,28.8,127,27.0,39
73,Memphis,Amer,70.8,27,113.1,72,53.6,63,19.2,306,35.1,37,39.4,30,97.8,40,48.5,69,19.1,72,32.3,301,33.6,199
74,Arkansas,SEC,69.3,68,112.9,73,52.7,88,16.5,132,27.6,249,35.5,107,95.2,20,48.3,60,17.6,150,28.3,100,29.4,87
75,Nevada,MWC,63.8,342,112.8,74,53.7,60,15.5,64,27.4,253,37.3,57,102.8,97,51.3,206,18.7,87,26.5,38,37.9,298
76,Lipscomb,ASun,65.9,257,112.7,75,55.9,22,14.4,22,24.1,329,31.4,227,103.2,100,48.6,79,15.8,270,26.5,40,22.3,8
77,Drake,MVC,58.8,364,112.6,76,53.8,58,18.6,279,36.0,17,43.0,11,98.5,46,51.7,229,22.1,10,25.8,24,35.8,254
78,Samford,SC,70.9,25,112.5,77,54.6,44,18.3,259,34.6,44,29.3,293,108.1,206,53.2,290,21.8,15,33.5,329,41.8,346
79,Arizona St.,B12,68.4,112,112.5,78,51.4,140,17.5,204,25.2,318,35.9,93,101.3,75,50.5,162,16.0,259,30.4,216,31.2,132
80,New Mexico,MWC,72.7,4,112.5,79,50.8,176,15.6,69,31.5,127,37.8,50,95.2,19,49.2,97,20.5,35,25.6,21,35.0,232
81,Liberty,CUSA,65.3,284,112.5,80,58.4,2,15.3,50,18.9,361,30.9,244,98.9,48,45.9,10,16.9,191,28.0,84,26.3,29
84,Utah,B12,68.7,91,112.4,81,51.7,124,18.1,242,34.9,38,37.0,64,101.7,82,48.7,80,15.7,278,28.4,103,33.4,192
85,Florida Atlantic,Amer,68.7,93,112.3,82,53.2,76,16.3,121,30.7,157,33.2,172,107.9,202,49.7,119,16.1,254,31.6,272,33.3,191
86,Belmont,MVC,70.5,31,112.3,83,54.8,40,15.9,94,27.2,260,26.1,342,108.9,223,53.7,309,17.6,145,29.4,161,27.0,40
87,UNC Wilmington,CAA,65.3,285,112.3,84,52.2,106,16.0,97,35.5,28,37.8,48,107.1,184,50.9,182,17.4,156,28.1,91,30.3,110
88,Stanford,ACC,66.0,246,112.1,85,50.4,198,15.8,86,31.1,146,29.7,285,102.6,95,50.6,169,17.6,146,28.2,93,36.0,260
89,Providence,BE,66.2,231,112.1,86,52.1,110,19.0,296,33.2,80,29.6,288,105.1,136,49.5,111,13.8,346,28.7,124,32.8,173
90,Northern Colorado,BSky,68.7,94,112.0,87,57.3,6,15.7,80,25.2,319,33.4,169,108.0,204,52.1,245,15.5,292,22.2,2,35.4,240
91,Toledo,MAC,67.9,133,112.0,88,50.5,195,13.7,10,29.9,187,35.5,109,118.1,356,56.5,357,15.4,298,30.9,237,26.5,31
92,North Alabama,ASun,66.5,215,111.9,89,51.7,123,12.5,1,33.5,72,30.8,251,107.0,182,50.5,160,16.8,197,29.0,136,27.6,47
93,Illinois St.,MVC,65.7,267,111.9,90,56.0,19,15.8,85,24.6,324,30.7,255,109.9,241,53.8,312,16.7,206,24.9,9,31.4,137
94,San Francisco,WCC,67.7,143,111.7,91,53.0,81,17.0,169,29.0,209,35.0,121,99.0,51,48.7,81,18.2,106,28.1,88,35.9,259
95,Washington St.,WCC,70.5,32,111.6,92,56.7,10,20.4,340,31.3,134,32.4,192,107.7,196,51.3,204,17.3,173,33.4,327,32.6,166
96,Bradley,MVC,65.6,273,111.5,93,56.8,8,17.3,192,26.3,283,32.4,191,104.4,125,47.9,52,15.7,283,28.1,89,35.5,249
97,California,ACC,67.5,161,111.3,94,47.8,307,16.6,144,34.7,39,38.9,36,106.6,170,53.0,279,16.3,244,28.8,130,32.8,169
98,Notre Dame,ACC,64.7,313,111.3,95,51.7,125,16.5,136,29.6,195,31.8,207,104.2,123,51.4,211,14.9,319,26.0,30,30.0,106
99,Nebraska Omaha,Sum,67.7,145,111.0,96,53.5,69,15.7,82,29.2,205,36.4,78,110.5,252,53.1,284,14.9,321,25.4,19,37.7,296
100,Saint Joseph's,A10,67.9,138,110.9,97,52.1,112,16.6,137,30.4,167,32.3,193,100.8,72,47.1,28,16.1,249,27.4,65,25.9,26
101,Montana,BSky,67.0,193,110.8,98,56.4,13,16.2,118,22.6,347,36.2,86,110.4,250,52.2,249,15.5,290,29.0,135,31.9,149
102,Virginia,ACC,61.1,361,110.7,99,52.7,91,16.4,127,22.4,350,26.4,339,105.4,141,50.8,177,15.7,282,29.7,175,28.8,72
103,Cincinnati,B12,65.4,280,110.5,100,50.9,170,15.5,60,32.3,106,23.4,358,95.7,24,48.6,77,19.7,55,30.1,204,24.3,13
104,James Madison,SB,64.8,303,110.4,101,50.7,184,15.8,88,32.0,118,30.4,261,110.3,248,50.9,183,15.6,285,30.5,219,33.4,193
105,South Carolina,SEC,65.3,287,110.4,102,48.9,273,18.4,267,30.4,169,43.3,10,98.9,50,51.5,217,15.6,287,27.3,60,30.4,114
106,Radford,BSth,62.7,356,110.4,103,51.1,152,17.7,218,33.8,64,41.3,21,109.7,237,51.0,187,16.5,222,30.0,200,36.9,280
107,Syracuse,ACC,68.1,123,110.3,104,51.0,162,17.9,231,31.4,132,33.1,173,105.9,153,52.9,275,14.1,340,26.1,31,33.0,180
108,Sam Houston St.,CUSA,67.5,157,110.3,105,51.0,165,18.3,257,30.3,170,36.3,81,111.3,267,53.1,287,17.1,178,32.1,295,33.2,186
109,UC Riverside,BW,67.1,191,110.1,106,49.5,250,15.9,90,32.3,105,28.7,311,108.5,215,51.4,216,15.8,273,28.9,131,33.4,195
110,Arkansas St.,SB,69.8,57,110.1,107,49.3,262,15.0,36,34.0,61,34.2,144,102.2,89,45.7,8,17.0,183,30.4,215,37.6,295
111,Minnesota,B10,62.6,357,110.1,108,49.9,231,16.6,147,30.2,172,31.5,223,101.7,80,50.1,139,16.3,241,30.7,229,33.1,181
112,Temple,Amer,68.6,100,110.0,109,49.9,229,15.7,81,32.0,117,45.2,5,110.6,254,50.6,164,15.1,312,31.2,253,36.4,271
113,Northern Iowa,MVC,64.9,298,109.8,110,55.5,29,15.9,93,25.6,308,35.2,114,104.0,115,51.5,220,17.4,159,25.2,15,28.3,61
114,San Diego St.,MWC,66.0,245,109.8,111,50.7,182,16.8,159,29.3,201,32.0,205,93.5,13,45.3,6,19.6,58,30.9,237,37.2,289
115,Davidson,A10,65.9,256,109.7,112,52.4,101,14.6,26,24.4,328,29.2,295,108.2,207,52.4,255,15.4,299,26.9,46,28.1,57
116,South Dakota St.,Sum,68.9,82,109.7,113,53.6,66,17.6,211,33.6,70,31.2,233,107.0,180,50.9,181,12.7,359,21.4,1,29.9,96
117,Furman,SC,65.9,253,109.6,114,53.6,65,17.0,170,30.0,183,35.4,110,107.3,191,49.2,99,16.5,224,30.9,241,29.0,77
118,Eastern Kentucky,ASun,67.6,155,109.6,115,49.7,240,13.8,14,32.4,101,26.0,343,111.4,270,52.6,264,17.8,130,33.2,323,31.8,147
119,DePaul,BE,66.9,205,109.6,116,52.7,90,17.9,228,27.2,257,27.4,327,105.3,140,51.4,212,15.5,289,28.7,117,28.9,75
120,Cal Poly,BW,74.4,3,109.5,117,55.2,35,20.7,347,27.6,247,26.8,332,111.1,263,53.2,292,19.1,70,33.2,322,32.4,162
121,North Florida,ASun,72.2,10,109.5,118,53.2,77,15.0,37,28.0,237,24.8,351,117.4,350,54.1,320,14.7,327,34.2,344,31.1,129
122,IU Indy,Horz,64.8,307,109.5,119,50.4,199,15.7,76,30.6,161,34.1,148,122.9,363,57.0,361,15.9,268,33.6,331,35.1,234
123,Wright St.,Horz,67.4,165,109.5,120,56.4,14,17.8,223,27.8,241,27.1,330,114.1,315,53.2,288,14.2,338,27.9,80,34.5,219
126,Texas St.,SB,65.9,254,109.4,121,50.7,177,18.1,248,35.1,36,36.0,89,112.4,290,49.9,128,16.0,260,31.5,269,41.6,345
127,Kansas St.,B12,67.0,196,109.4,122,50.6,190,17.7,215,29.4,200,27.6,324,97.1,36,49.0,92,18.1,114,31.7,276,28.6,69
128,North Texas,Amer,60.4,362,109.3,123,51.6,131,17.0,168,33.1,83,36.6,73,98.2,43,46.8,21,19.5,62,27.7,74,39.5,321
129,Delaware,CAA,70.3,41,109.3,124,55.1,36,16.6,138,22.4,349,30.0,273,114.9,325,52.2,248,15.5,288,32.5,311,32.9,175
130,Saint Louis,A10,67.3,174,109.3,125,56.3,17,18.6,283,23.6,337,29.8,276,104.2,121,48.6,76,14.4,334,28.0,86,24.3,12
131,Jacksonville St.,CUSA,64.8,310,109.3,126,49.6,247,15.7,77,30.9,153,32.2,200,105.4,142,49.4,107,13.3,352,26.5,36,28.0,53
132,South Dakota,Sum,74.6,2,109.3,127,50.1,223,12.6,2,30.0,181,45.4,4,115.4,332,54.8,340,17.3,169,35.7,358,35.2,235
133,Middle Tennessee,CUSA,68.2,117,109.1,128,50.8,175,16.6,141,30.7,158,32.3,194,104.8,131,48.5,72,16.1,250,29.0,141,31.0,127
134,CSUN,BW,72.3,8,109.1,129,51.8,119,18.9,292,35.4,29,35.8,100,104.0,112,49.9,130,20.5,36,24.1,6,45.1,357
135,Washington,B10,67.6,150,109.1,130,50.6,189,17.5,206,27.5,252,34.5,134,104.0,116,53.0,282,16.7,200,28.5,109,36.2,267
136,West Virginia,B12,64.2,329,109.0,131,50.0,224,16.2,117,25.9,299,25.6,348,93.9,15,46.3,18,19.4,64,30.8,235,32.2,160
137,Indiana St.,MVC,72.2,9,109.0,132,54.6,48,19.5,313,26.2,286,35.9,95,112.3,283,54.3,326,15.8,272,27.0,53,38.8,309
138,Purdue Fort Wayne,Horz,69.7,58,109.0,133,54.7,42,13.8,13,22.0,352,29.1,296,109.1,225,53.3,294,20.1,41,32.8,318,30.0,105
139,LSU,SEC,67.9,135,109.0,134,51.1,157,18.6,282,29.5,199,32.5,190,100.3,62,48.3,61,16.5,223,34.4,347,29.4,89
140,UNC Asheville,BSth,68.1,127,109.0,135,52.0,116,14.8,31,29.7,192,34.4,139,112.1,279,53.4,299,18.0,118,34.1,341,40.1,334
141,Louisiana Tech,CUSA,64.4,323,108.9,136,52.5,97,18.9,293,29.3,203,35.0,120,105.2,138,47.8,48,14.7,328,28.7,116,32.0,153
142,Colorado,B12,67.6,149,108.8,137,50.6,192,21.0,352,28.9,213,36.3,80,99.3,52,49.5,114,16.4,238,28.3,96,34.8,227
143,Florida St.,ACC,69.5,62,108.8,138,50.7,180,17.5,203,29.7,194,39.4,31,100.3,61,48.5,71,19.1,67,31.8,281,37.5,292
144,UC Santa Barbara,BW,65.4,279,108.8,139,54.6,45,18.2,252,27.6,248,29.7,282,107.2,186,48.9,90,17.2,175,29.2,149,32.0,155
145,Tulane,Amer,66.6,213,108.8,140,52.1,111,15.9,89,27.2,258,35.1,117,106.6,171,48.4,63,17.4,157,32.4,304,32.8,172
146,UMass Lowell,AE,68.5,104,108.6,141,54.6,47,18.1,243,26.1,292,31.6,216,114.9,323,51.6,222,14.7,326,30.3,214,25.2,20
147,Manhattan,MAAC,67.4,163,108.5,142,50.7,179,17.0,173,32.6,96,30.9,246,114.3,318,50.5,158,15.2,307,31.9,286,25.9,27
148,Georgetown,BE,68.2,120,108.3,143,50.4,197,17.1,177,31.6,126,25.8,347,99.5,55,49.4,106,19.6,59,28.9,134,29.3,83
149,Winthrop,BSth,72.6,6,108.3,144,53.3,73,17.7,216,31.2,138,47.7,1,108.3,211,51.4,215,18.7,89,31.5,266,37.1,286
150,Wake Forest,ACC,67.1,190,108.2,145,49.4,257,16.7,150,26.8,271,36.1,88,97.0,35,47.2,30,19.7,56,31.5,271,31.5,141
151,Rhode Island,A10,70.4,36,108.1,146,52.8,84,17.9,227,28.3,230,41.1,23,107.2,187,49.3,103,16.0,265,28.6,113,30.8,123
152,Florida Gulf Coast,ASun,65.2,292,108.1,147,53.9,56,16.2,113,30.0,184,23.1,360,108.8,219,50.5,161,14.3,337,26.5,37,29.5,91
153,George Washington,A10,66.7,211,108.0,148,50.6,188,18.2,253,32.1,112,40.8,24,103.3,103,48.4,66,19.4,63,32.7,316,26.7,35
154,Grand Canyon,WAC,71.4,14,107.8,149,51.2,148,18.4,271,32.5,99,43.9,7,100.6,67,47.0,26,20.6,30,28.7,118,32.2,158
155,Miami OH,MAC,68.9,83,107.8,150,55.4,33,17.4,201,27.5,251,28.1,319,107.0,181,51.3,205,19.1,71,29.0,142,33.3,190
156,Oklahoma St.,B12,71.4,15,107.7,151,48.3,295,19.1,301,31.0,149,41.6,18,101.4,77,53.5,304,20.6,29,29.4,164,36.2,268
157,Georgia Tech,ACC,68.5,105,107.7,152,50.4,201,17.4,199,30.5,163,31.2,234,100.5,65,48.8,86,15.6,286,28.6,113,28.5,66
158,Troy,SB,66.3,229,107.7,153,50.1,222,19.9,333,38.6,6,37.8,49,100.8,71,47.2,31,19.8,53,32.0,292,29.3,82
159,North Dakota,Sum,69.0,80,107.6,154,49.7,245,16.6,140,33.7,69,33.6,165,115.8,337,56.5,358,15.0,317,28.7,121,33.0,178
160,N.C. State,ACC,65.2,290,107.6,155,48.3,293,14.4,21,28.8,218,32.3,196,103.8,109,51.0,184,18.6,92,32.5,310,32.2,159
161,UNLV,MWC,65.7,268,107.5,156,49.7,239,16.2,108,27.3,256,35.8,99,100.0,59,49.3,104,17.8,129,29.8,183,32.0,156
162,UC Irvine,BW,68.7,96,107.5,157,51.6,129,18.3,254,28.5,227,36.3,83,95.1,18,46.2,16,17.9,123,25.9,27,21.9,4
163,Elon,CAA,65.1,294,107.4,158,50.2,211,19.0,299,36.3,14,38.8,37,110.4,249,48.1,56,13.3,353,31.5,267,24.7,17
164,South Alabama,SB,63.1,352,107.4,159,50.8,172,14.6,25,28.3,228,33.6,163,103.3,102,48.5,70,20.6,32,32.2,299,24.4,14
165,Loyola Chicago,A10,66.9,204,107.4,160,52.6,94,17.6,210,29.9,186,31.7,209,102.3,91,49.0,91,17.9,125,27.5,69,33.2,188
168,UT Arlington,WAC,67.5,160,107.3,161,51.7,126,19.2,308,32.8,94,37.0,63,112.3,286,50.4,154,16.4,239,32.5,309,34.3,215
169,San Jose St.,MWC,66.3,227,107.3,162,50.6,194,17.4,196,26.8,270,31.5,221,107.4,193,51.9,237,16.5,221,32.2,297,28.6,68
170,William & Mary,CAA,71.2,19,107.3,163,53.7,61,18.1,245,26.2,288,35.6,106,112.6,298,53.5,302,17.6,151,30.2,208,35.5,247
171,Idaho,BSky,66.2,230,107.3,164,51.8,121,17.9,226,28.9,214,33.6,162,116.7,344,54.0,317,15.1,314,31.3,261,35.7,252
172,Milwaukee,Horz,68.7,97,107.2,165,51.4,141,19.4,312,39.8,3,38.0,44,105.5,147,51.5,221,18.3,97,26.6,41,32.4,164
173,UTSA,Amer,69.9,53,107.2,166,49.7,243,15.7,75,27.0,263,29.0,298,109.6,234,53.3,296,20.6,27,35.5,355,43.9,355
174,UNC Greensboro,SC,63.8,340,107.2,167,50.7,183,15.3,49,31.1,141,29.8,275,105.4,143,47.8,45,16.4,233,30.1,206,34.0,210
175,Norfolk St.,MEAC,66.3,226,107.1,168,52.4,98,18.3,258,32.8,93,39.0,34,108.7,217,49.7,122,18.6,90,33.8,336,34.9,229
176,Oakland,Horz,63.8,338,107.1,169,50.1,219,18.0,239,34.1,55,31.7,210,108.5,213,51.5,218,16.2,247,32.5,313,27.8,51
177,Kennesaw St.,CUSA,70.3,42,107.0,170,49.3,258,19.7,327,32.5,97,38.8,38,103.9,111,48.3,62,15.1,311,27.4,66,42.6,349
178,Robert Morris,Horz,67.8,141,107.0,171,51.3,144,18.5,272,35.3,33,38.4,41,104.9,134,50.3,148,18.8,83,28.3,101,30.0,104
179,Illinois Chicago,MVC,69.1,73,106.9,172,51.1,159,17.5,205,30.0,179,35.1,118,107.8,197,51.6,223,15.8,274,27.9,78,31.6,144
180,East Carolina,Amer,66.6,214,106.8,173,48.4,289,15.6,72,33.8,63,35.2,113,107.9,203,51.7,231,17.4,164,31.2,252,31.6,143
181,Towson,CAA,63.6,347,106.8,174,47.9,303,14.5,24,35.3,32,28.4,314,106.2,158,50.8,176,17.3,172,28.0,82,30.7,122
182,Wichita St.,Amer,68.6,101,106.8,175,48.7,280,16.4,128,31.9,119,35.2,115,104.1,119,49.9,132,15.7,279,28.4,104,28.3,59
183,East Tennessee St.,SC,65.0,296,106.8,176,50.2,212,16.1,104,35.7,22,33.2,171,104.9,133,50.4,153,18.9,79,29.7,176,34.4,217
184,Utah Valley,WAC,67.9,134,106.7,177,50.8,173,17.3,190,31.1,144,41.8,15,102.2,90,47.4,34,16.9,189,26.6,43,31.8,146
185,Bryant,AE,72.4,7,106.7,178,51.0,166,16.5,134,34.2,54,30.4,260,105.5,148,47.7,44,16.4,234,28.8,129,30.0,102
186,UMBC,AE,70.4,38,106.5,179,55.2,34,15.9,92,19.4,359,31.6,217,117.9,355,54.1,318,17.4,160,33.7,334,27.9,52
187,Virginia Tech,ACC,65.1,293,106.4,180,51.2,147,20.1,336,31.0,148,30.8,252,106.2,161,52.3,252,16.2,248,29.2,150,31.8,148
188,Fordham,A10,69.5,63,106.4,181,48.7,284,18.4,269,31.5,128,32.9,183,111.7,277,52.8,274,16.7,209,30.6,223,39.2,313
189,Georgia St.,SB,68.9,84,106.4,182,50.4,200,16.8,158,32.3,104,33.8,157,114.6,320,51.1,190,13.0,357,31.9,285,26.3,30
190,Murray St.,MVC,64.8,304,106.4,183,49.4,253,17.0,167,29.1,206,41.2,22,104.5,127,51.2,198,17.3,170,26.4,35,35.5,248
191,Pepperdine,WCC,69.0,75,106.4,184,49.7,246,16.1,102,27.6,246,31.6,215,110.6,253,52.6,270,15.3,305,29.9,190,27.3,44
192,Cal St. Bakersfield,BW,66.0,248,106.3,185,48.2,296,18.8,290,35.6,23,34.5,133,112.4,288,54.3,324,18.9,76,29.7,180,46.9,360
193,Columbia,Ivy,70.7,30,106.3,186,52.6,92,15.4,56,25.9,297,29.5,290,115.9,338,56.4,356,16.4,236,26.7,44,25.4,23
194,Rice,Amer,65.3,286,106.3,187,48.6,286,17.8,224,33.7,68,43.3,9,108.6,216,47.8,46,14.0,342,29.6,170,35.9,256
195,Marshall,SB,68.6,98,106.3,188,49.9,228,16.5,133,33.0,87,34.8,126,106.8,175,49.3,102,16.8,198,29.6,169,40.9,342
196,St. Bonaventure,A10,64.3,326,106.3,189,50.2,210,16.1,103,28.0,236,30.9,249,100.6,69,49.7,123,18.7,86,26.9,49,24.4,15
197,Queens,ASun,68.4,111,106.2,190,52.3,103,18.0,236,31.1,143,33.7,159,109.5,232,51.7,230,16.0,263,28.7,123,32.1,157
198,Duquesne,A10,65.2,289,106.1,191,50.0,225,18.3,261,32.9,88,30.0,271,103.2,101,50.2,142,20.0,45,30.6,224,39.5,322
199,Charleston,CAA,70.0,50,106.0,192,52.4,100,16.2,110,26.5,273,34.6,131,105.4,145,50.1,140,16.4,231,28.3,97,26.5,32
200,Ohio,MAC,70.3,43,106.0,193,53.4,71,14.9,35,23.9,333,33.5,166,109.1,228,52.3,253,17.8,132,29.0,139,36.4,272
201,Incarnate Word,Slnd,64.1,330,106.0,194,51.1,153,18.1,244,34.5,48,27.5,326,112.6,296,52.0,240,17.5,153,31.4,264,34.7,224
202,Texas A&M Corpus Chris,Slnd,67.4,171,106.0,195,52.8,87,17.8,222,31.9,121,36.7,67,105.7,152,49.9,133,18.3,101,30.7,225,40.4,336
203,George Mason,A10,64.5,317,106.0,196,51.5,138,20.0,334,32.1,116,41.7,16,95.6,22,45.0,5,18.9,80,29.1,148,31.5,142
204,Longwood,BSth,69.0,78,105.9,197,51.3,146,18.0,237,32.1,114,45.4,3,109.8,239,55.9,350,20.7,26,29.6,174,38.2,302
205,Idaho St.,BSky,66.0,249,105.9,198,47.8,308,16.3,122,38.3,7,34.4,141,109.7,236,54.1,319,17.9,124,25.9,26,32.7,167
206,TCU,B12,66.5,217,105.8,199,46.8,330,17.3,185,33.0,84,33.5,167,97.0,34,50.9,180,19.5,61,29.6,172,28.3,60
207,Valparaiso,MVC,68.0,131,105.8,200,47.7,310,14.0,16,26.5,276,33.6,164,109.7,235,53.7,308,17.1,177,28.5,112,35.4,246
210,Portland,WCC,68.3,116,105.8,201,50.1,217,18.0,238,23.9,334,32.2,197,114.7,321,54.6,336,13.2,354,29.9,185,22.1,5
211,Cal Baptist,WAC,65.7,270,105.8,202,48.3,294,17.7,213,33.3,76,29.7,281,106.1,156,50.1,141,18.1,115,29.6,171,33.4,194
212,Nicholls,Slnd,68.1,126,105.6,203,48.1,300,15.3,48,30.6,159,33.1,174,106.4,167,48.1,57,16.7,208,31.5,268,35.9,258
213,Southern Illinois,MVC,67.9,137,105.6,204,51.6,135,18.3,256,30.3,171,34.2,145,108.3,210,52.6,267,15.2,308,28.0,83,33.7,201
214,Kent St.,MAC,66.0,244,105.4,205,48.7,283,17.3,188,35.7,20,30.0,272,102.8,96,48.4,65,18.9,77,28.3,98,39.2,312
215,Boston College,ACC,66.7,212,105.4,206,48.9,272,17.3,187,28.8,218,31.5,219,107.2,185,51.9,238,15.5,293,30.0,196,37.1,285
216,Central Michigan,MAC,67.1,188,105.3,207,49.8,234,17.6,212,32.1,113,35.8,97,108.4,212,53.1,283,18.2,107,29.1,143,31.3,134
217,Princeton,Ivy,66.4,220,105.3,208,51.5,139,15.2,46,26.1,291,24.6,352,106.7,172,53.4,301,17.3,168,24.2,7,31.7,145
218,Montana St.,BSky,65.8,263,105.3,209,52.8,86,15.1,40,20.7,357,31.9,206,107.3,189,48.8,83,15.3,302,29.4,165,31.9,150
219,UTEP,CUSA,68.7,92,105.2,210,49.3,260,16.6,148,25.4,312,37.0,65,104.9,132,52.4,257,22.0,11,32.4,307,40.0,332
220,UT Rio Grande Valley,Slnd,70.4,35,104.7,211,51.7,127,19.2,304,30.8,155,22.7,361,110.9,261,51.4,210,17.6,143,33.9,337,29.9,97
221,Sacred Heart,MAAC,70.2,47,104.7,212,51.0,164,17.7,217,31.4,133,26.4,340,112.7,302,51.8,234,17.6,147,29.9,189,27.6,48
222,Colgate,PL,67.2,186,104.6,213,54.2,53,16.7,154,23.7,336,22.6,362,112.6,295,53.3,295,16.3,242,26.9,48,25.5,24
223,Southeastern Louisiana,Slnd,66.9,200,104.6,214,49.2,264,17.4,195,30.9,152,34.7,128,107.3,192,51.4,209,18.8,85,29.4,163,36.5,273
224,Charlotte,Amer,64.8,305,104.5,215,48.3,292,15.1,42,25.4,311,42.7,13,112.3,284,54.2,322,14.6,329,29.2,156,37.0,283
225,Presbyterian,BSth,64.1,331,104.5,216,51.2,149,16.3,123,29.6,197,31.3,230,109.9,240,52.5,262,17.7,137,31.3,257,39.2,314
226,Eastern Michigan,MAC,67.2,185,104.3,217,52.4,99,18.7,288,29.7,193,33.0,178,114.0,313,53.7,307,17.8,127,31.7,275,38.5,306
227,New Mexico St.,CUSA,64.8,306,104.3,218,46.2,337,15.6,66,32.5,98,34.5,137,101.3,76,46.9,22,15.0,316,27.7,72,39.2,316
228,Northern Arizona,BSky,66.8,206,104.2,219,50.3,205,15.4,52,31.5,129,29.6,286,110.8,258,53.3,293,14.8,323,23.8,5,34.3,216
229,Loyola Marymount,WCC,67.1,187,104.1,220,50.3,206,15.2,45,22.8,342,29.0,297,103.6,107,48.6,73,15.7,276,30.8,234,28.9,76
230,Seattle,WAC,65.9,255,104.0,221,46.5,334,17.0,171,29.9,188,42.3,14,102.4,92,51.2,199,20.9,24,27.0,52,36.7,278
231,Penn,Ivy,66.8,208,103.9,222,49.4,252,16.4,130,26.9,267,28.9,303,114.9,324,53.0,278,13.4,351,29.7,181,25.8,25
232,Drexel,CAA,62.9,355,103.9,223,52.2,109,18.6,278,33.0,85,24.2,356,106.0,154,47.8,49,14.4,333,30.1,203,28.2,58
233,Monmouth,CAA,67.0,194,103.9,224,47.2,323,16.2,112,29.8,191,36.7,66,112.4,294,50.7,171,16.6,216,34.8,352,36.1,262
234,Bellarmine,ASun,66.1,236,103.8,225,53.7,62,17.4,197,20.2,358,26.5,336,121.4,360,58.0,364,15.4,300,30.2,207,34.8,228
235,La Salle,A10,68.5,103,103.7,226,46.1,341,15.5,61,30.5,164,31.4,226,108.3,209,52.6,265,16.7,207,29.5,168,30.0,101
236,Hampton,CAA,65.5,275,103.7,227,47.5,316,16.0,95,34.0,59,30.2,268,107.8,200,52.6,268,18.8,81,28.7,119,43.6,353
237,Cleveland St.,Horz,65.3,288,103.7,228,49.3,259,18.3,263,34.5,47,31.0,241,104.1,118,50.6,168,22.3,8,34.1,342,38.1,300
238,Howard,MEAC,69.9,51,103.7,229,53.5,70,21.2,354,29.0,210,35.7,101,116.9,346,52.3,251,16.5,227,33.8,335,40.9,341
239,Northeastern,CAA,67.3,176,103.6,230,51.1,160,18.6,277,31.4,131,28.0,320,107.3,190,50.3,145,18.2,104,31.4,263,30.3,111
240,Wyoming,MWC,64.6,316,103.6,231,50.3,203,19.9,331,30.0,185,30.4,262,105.5,150,51.0,185,15.8,275,27.2,59,41.1,343
241,South Florida,Amer,68.2,119,103.5,232,49.7,238,16.2,109,27.7,242,34.9,124,106.3,166,49.7,120,18.3,102,33.2,324,36.7,277
242,Ball St.,MAC,66.4,225,103.4,233,51.3,145,16.4,129,26.4,280,44.5,6,112.8,303,51.6,225,14.1,339,27.9,81,30.7,120
243,Western Kentucky,CUSA,71.6,12,103.4,234,47.9,306,15.5,65,23.5,339,32.1,202,103.1,98,47.4,35,17.0,185,28.1,90,40.6,339
244,Albany,AE,67.5,162,103.2,235,49.3,261,15.7,78,32.4,103,29.5,289,112.3,285,55.0,344,19.8,51,28.4,107,34.7,222
245,Hawaii,BW,65.8,260,103.1,236,50.6,187,20.7,345,30.9,154,39.9,26,107.8,199,49.4,108,13.1,356,24.9,12,33.7,203
246,Brown,Ivy,65.8,264,103.1,237,51.1,154,17.1,175,30.1,175,28.0,322,106.8,174,49.3,101,15.7,280,30.7,227,29.1,78
247,Richmond,A10,63.7,343,103.0,238,48.4,291,15.4,54,19.3,360,29.7,283,109.0,224,52.7,271,15.8,271,27.7,73,37.1,287
248,Gardner Webb,BSth,68.9,81,103.0,239,51.9,118,20.7,349,33.4,75,36.2,84,111.1,264,52.0,241,14.8,324,30.2,210,37.2,291
249,Oral Roberts,Sum,67.2,182,102.8,240,50.0,227,16.3,124,22.6,348,35.0,122,117.7,354,55.0,345,13.9,343,33.1,320,38.2,301
252,Siena,MAAC,67.2,183,102.8,241,49.4,254,17.2,184,28.8,220,37.3,58,110.2,245,51.7,227,18.2,110,30.0,193,31.4,136
253,North Carolina Central,MEAC,66.8,210,102.7,242,50.1,220,19.2,307,34.6,45,39.8,28,117.1,348,54.8,339,21.0,23,38.8,363,42.0,347
254,Bucknell,PL,67.2,181,102.7,243,53.8,57,18.6,281,26.0,294,36.7,68,107.6,195,50.3,147,17.0,186,28.0,85,35.4,241
255,Georgia Southern,SB,69.4,66,102.6,244,50.6,186,19.0,300,32.9,89,26.5,335,109.6,233,50.1,138,18.4,96,33.2,325,43.2,351
256,South Carolina St.,MEAC,69.1,70,102.6,245,50.8,174,19.9,330,35.7,21,42.9,12,105.0,135,50.1,137,22.8,6,32.7,317,47.0,361
257,Northern Kentucky,Horz,66.1,242,102.6,246,49.8,233,17.3,189,31.0,147,31.3,231,108.3,208,52.5,263,19.9,48,32.5,312,29.3,84
258,Northwestern St.,Slnd,63.9,335,102.6,247,48.7,279,20.2,337,33.1,82,32.2,199,107.8,198,49.8,126,17.4,158,32.6,315,33.1,183
259,Massachusetts,A10,70.2,44,102.3,248,45.1,352,16.1,105,34.3,52,34.0,149,106.4,168,49.8,124,17.5,154,31.0,245,36.6,275
260,Navy,PL,66.9,198,102.3,249,48.0,302,16.1,107,31.3,135,33.8,153,111.4,271,52.5,260,17.8,128,27.2,55,33.8,204
261,Tennessee St.,OVC,70.3,40,102.2,250,51.3,142,21.1,353,33.8,65,41.4,20,109.5,230,48.8,87,17.4,162,30.3,212,39.3,320
262,Youngstown St.,Horz,69.2,69,102.1,251,49.8,237,17.6,208,29.3,202,36.4,75,105.4,144,48.8,85,18.0,116,31.2,251,35.8,255
263,American,PL,63.5,349,102.1,252,51.8,120,16.8,156,23.8,335,29.5,291,108.0,205,52.1,243,17.6,144,27.4,63,34.1,213
264,Quinnipiac,MAAC,71.6,13,102.0,253,48.4,290,17.9,230,33.5,73,31.1,236,106.1,155,49.5,110,17.1,181,26.0,29,28.3,63
265,Lamar,Slnd,65.4,282,102.0,254,47.2,321,19.0,294,35.5,26,29.0,300,102.2,87,47.6,41,17.7,138,31.8,278,34.8,226
266,SIUE,OVC,65.8,261,101.9,255,48.9,271,17.1,180,31.8,124,33.1,177,106.2,160,47.5,38,17.3,171,29.1,145,33.2,187
267,Stony Brook,CAA,64.4,325,101.9,256,47.7,309,18.3,262,29.5,198,31.6,214,117.6,351,56.0,351,14.9,320,31.3,258,28.4,64
268,Southeast Missouri,OVC,68.8,87,101.8,257,51.3,143,15.4,58,24.0,331,28.9,307,105.1,137,47.6,40,19.0,73,28.7,120,42.8,350
269,Long Beach St.,BW,64.0,334,101.8,258,49.2,263,21.7,358,28.5,226,35.5,108,113.9,312,53.4,298,17.1,176,35.0,353,35.2,237
270,Austin Peay,ASun,66.1,243,101.8,259,48.7,282,14.8,30,25.8,303,28.9,302,111.1,262,53.8,311,16.8,193,31.2,250,36.0,261
271,Holy Cross,PL,66.0,251,101.8,260,53.1,79,17.8,225,23.2,340,22.2,364,115.7,335,53.5,303,13.5,347,26.8,45,25.4,21
272,Eastern Washington,BSky,66.8,207,101.8,261,50.9,168,18.7,286,26.9,268,31.1,238,112.8,304,54.4,331,19.0,75,33.6,332,39.7,327
273,Utah Tech,WAC,67.4,166,101.7,262,48.8,278,18.3,260,26.2,287,33.6,161,113.5,309,53.0,280,17.4,155,33.5,328,41.1,344
274,Jacksonville,ASun,67.4,168,101.7,263,50.1,218,19.3,309,35.2,34,28.2,315,103.2,99,50.7,172,18.7,88,30.4,217,34.5,218
275,Tennessee Martin,OVC,66.2,232,101.7,264,47.6,314,19.5,317,34.7,41,34.4,140,112.7,301,52.3,250,18.9,78,30.7,231,33.9,208
276,Delaware St.,MEAC,70.2,45,101.7,265,48.8,276,18.1,247,34.0,58,36.3,79,114.2,316,53.8,313,20.0,43,32.1,296,40.3,335
277,Rider,MAAC,64.8,309,101.7,266,47.7,312,17.1,181,32.2,109,29.6,287,115.0,326,53.1,286,16.0,264,30.7,228,27.3,45
278,Morgan St.,MEAC,70.4,37,101.6,267,49.0,269,17.9,232,34.1,56,35.7,102,117.0,347,52.4,259,17.0,187,36.9,360,39.1,311
279,Campbell,CAA,65.8,262,101.6,268,50.0,226,15.8,83,24.6,325,29.7,284,106.1,157,52.4,258,18.8,82,27.7,75,29.9,98
280,Florida A&M,SWAC,67.1,189,101.5,269,50.6,185,20.7,344,27.7,243,36.7,69,115.2,329,51.4,214,15.4,301,31.9,287,39.9,330
281,Alabama St.,SWAC,67.7,142,101.4,270,47.1,327,13.2,5,28.3,229,29.9,274,110.6,256,50.3,149,18.6,91,31.1,246,38.7,308
282,Pacific,WCC,66.4,223,101.4,271,48.1,299,19.3,310,28.8,215,32.8,185,111.7,278,53.2,289,15.4,297,28.2,95,37.1,284
283,Tulsa,Amer,66.2,234,101.4,272,49.5,248,16.9,160,27.2,261,34.2,147,110.0,242,49.7,118,14.4,335,31.1,247,33.6,198
284,Western Michigan,MAC,67.8,140,101.4,273,47.0,328,15.8,84,34.4,50,31.0,243,112.4,289,54.5,333,16.6,213,27.9,79,33.2,184
285,Harvard,Ivy,65.5,276,101.2,274,50.6,191,17.9,233,24.8,323,24.4,354,108.9,221,52.2,247,17.7,135,31.1,249,24.6,16
286,Le Moyne,NEC,68.5,107,101.2,275,51.5,137,19.6,324,25.6,306,37.7,51,121.8,361,54.7,338,16.3,240,32.9,319,36.9,279
287,Weber St.,BSky,65.6,272,101.1,276,50.2,214,16.9,165,24.4,327,34.7,127,112.6,299,53.4,300,16.5,226,30.1,202,37.2,290
288,Niagara,MAAC,65.0,295,101.1,277,52.0,115,18.6,280,23.6,338,30.4,265,115.2,330,53.0,281,16.8,199,27.3,61,29.8,94
289,Appalachian St.,SB,63.1,351,101.1,278,49.7,241,16.9,163,27.5,250,35.2,116,101.7,79,46.1,12,14.7,325,29.5,166,22.2,7
290,Missouri St.,MVC,63.8,339,101.0,279,50.9,169,20.7,346,32.1,115,34.3,143,107.4,194,54.7,337,19.1,68,28.4,106,38.5,305
291,Fresno St.,MWC,70.5,33,100.8,280,46.1,340,17.8,220,27.0,264,36.4,77,108.5,214,54.0,316,18.0,119,34.0,340,23.5,11
294,Tennessee Tech,OVC,67.7,146,100.8,281,50.7,178,17.4,198,25.0,321,28.9,306,113.1,306,49.6,117,15.2,309,32.4,305,22.2,6
295,Stonehill,NEC,64.9,300,100.8,282,51.0,161,18.3,255,26.4,281,31.4,224,115.0,327,50.9,179,16.2,246,29.4,162,32.7,168
296,Green Bay,Horz,68.9,85,100.7,283,50.9,167,18.0,241,18.4,362,37.0,62,116.8,345,54.8,341,14.6,330,31.9,284,35.4,243
297,Lehigh,PL,67.2,179,100.6,284,51.1,156,15.6,73,21.4,355,31.5,220,110.8,260,50.7,173,16.1,257,29.1,144,33.9,207
298,Portland St.,BSky,68.4,110,100.5,285,50.5,196,18.4,268,33.4,74,34.3,142,104.0,114,50.0,134,19.6,60,30.4,218,34.9,230
299,Houston Christian,Slnd,64.7,312,100.5,286,49.1,267,18.0,240,26.0,295,30.5,258,110.1,243,52.6,269,17.9,120,32.0,289,29.4,86
300,Loyola MD,PL,66.5,216,100.4,287,50.1,216,17.7,214,28.6,224,29.3,294,112.8,305,52.8,272,16.9,188,27.9,77,30.2,108
301,Coastal Carolina,SB,63.2,350,100.4,288,49.4,251,18.4,264,29.0,212,34.4,138,115.4,333,48.6,78,10.5,364,28.7,125,36.9,281
302,Kansas City,Sum,64.5,320,100.4,289,48.4,288,18.7,287,32.9,90,30.9,248,106.3,163,51.2,202,17.1,182,29.7,177,35.2,236
303,Jackson St.,SWAC,68.3,115,100.3,290,47.7,311,19.5,314,30.1,177,37.5,55,106.9,178,50.6,167,17.4,166,30.0,192,30.6,119
304,VMI,SC,68.1,125,100.2,291,48.5,287,18.0,234,25.2,316,37.5,56,110.8,257,54.2,321,17.6,152,32.0,294,30.5,117
305,Mount St. Mary's,MAAC,67.4,170,100.1,292,51.0,163,21.7,359,31.1,142,31.0,240,106.8,176,48.0,54,15.9,269,28.3,99,26.6,34
306,Dartmouth,Ivy,70.9,24,100.1,293,50.3,204,16.2,111,22.8,341,30.3,266,103.4,105,49.1,95,13.8,345,24.9,10,23.2,10
307,Maine,AE,65.9,258,100.1,294,51.6,132,15.5,59,21.8,353,28.2,318,104.4,126,50.4,152,21.9,12,32.3,303,29.1,79
308,Old Dominion,SB,66.0,250,100.1,295,44.1,361,16.9,166,36.4,13,30.9,245,110.4,251,51.2,197,16.0,261,32.0,288,35.0,233
309,Merrimack,MAAC,64.4,322,99.9,296,49.4,256,13.8,12,20.8,356,24.4,353,102.0,84,46.9,24,23.2,4,38.6,362,29.9,99
310,Army,PL,67.5,158,99.8,297,49.7,242,14.7,28,25.8,302,25.8,346,114.3,317,53.7,310,16.0,267,29.3,159,27.1,43
311,Central Connecticut,NEC,65.7,265,99.7,298,52.2,108,17.2,182,26.5,274,25.9,345,101.5,78,47.7,42,18.1,113,25.3,17,18.9,2
312,Saint Francis,NEC,66.9,201,99.7,299,51.6,133,19.6,321,25.4,314,23.8,357,112.4,293,51.3,203,16.4,232,30.0,195,28.7,70
313,Charleston Southern,BSth,67.3,178,99.7,300,48.7,281,19.9,332,31.2,137,43.9,8,111.6,276,53.4,297,13.5,350,28.2,94,33.3,189
314,San Diego,WCC,71.0,20,99.4,301,45.7,347,18.4,270,29.9,189,30.5,259,110.6,255,54.0,315,18.5,95,31.6,274,46.1,358
315,Stetson,ASun,67.6,154,99.4,302,50.2,208,18.7,285,24.1,330,33.1,175,118.7,358,53.1,285,13.1,355,34.3,345,27.7,49
316,New Orleans,Slnd,69.1,71,99.3,303,45.9,344,18.8,289,31.6,125,33.9,152,117.6,352,54.9,343,16.1,256,35.5,357,26.6,33
317,Mercer,SC,71.0,21,99.2,304,49.0,270,16.6,146,28.8,217,29.8,277,107.2,188,50.8,175,16.8,196,28.7,122,32.8,170
318,Vermont,AE,62.4,358,99.2,305,49.0,268,17.3,191,26.2,288,29.8,278,105.4,146,48.8,84,15.7,277,25.8,23,27.1,42
319,Little Rock,OVC,66.9,203,99.1,306,49.5,249,20.4,339,30.4,168,29.0,299,104.2,122,46.7,20,21.5,19,35.4,354,37.9,297
320,Western Illinois,OVC,64.2,328,99.0,307,50.2,215,18.2,250,27.9,239,27.2,329,117.2,349,51.1,192,14.4,336,31.8,279,30.6,118
321,Boston University,PL,63.0,353,99.0,308,50.2,213,20.6,342,32.5,100,30.7,253,111.3,269,52.3,254,16.6,215,23.4,4,32.0,154
322,Canisius,MAAC,66.1,239,99.0,309,51.2,150,18.5,275,18.3,363,23.3,359,121.9,362,56.9,360,16.4,230,34.3,346,31.4,138
323,Southern,SWAC,68.5,108,98.9,310,47.2,322,18.5,274,34.4,49,38.1,43,104.6,130,49.2,98,21.1,21,28.5,110,42.3,348
324,Bowling Green,MAC,68.7,95,98.9,311,49.8,232,17.5,202,25.5,310,34.5,136,109.8,238,52.6,266,17.4,167,27.5,67,29.8,95
325,Air Force,MWC,64.4,324,98.9,312,50.1,221,20.7,348,22.7,343,35.4,112,111.4,272,54.6,334,15.7,281,29.0,137,35.4,245
326,Binghamton,AE,65.7,269,98.8,313,51.6,130,19.6,322,26.9,269,33.7,160,112.7,300,49.7,121,12.8,358,26.9,50,31.9,151
327,Mercyhurst,NEC,64.7,314,98.7,314,48.6,285,16.4,131,22.2,351,30.9,247,116.6,342,55.0,346,20.3,37,33.3,326,38.3,303
328,Seton Hall,BE,64.4,321,98.7,315,44.7,356,19.1,303,31.2,136,32.9,182,102.2,88,54.6,335,22.2,9,31.8,282,39.6,325
329,Denver,Sum,66.4,224,98.7,316,50.3,202,18.5,273,26.1,290,31.6,211,111.2,266,54.3,328,17.6,149,29.1,146,49.8,363
330,Iona,MAAC,68.0,129,98.6,317,47.5,315,20.9,351,39.1,4,27.9,323,106.5,169,51.7,228,22.8,5,30.9,239,35.6,251
331,USC Upstate,BSth,72.7,5,98.4,318,49.8,235,19.0,298,25.3,315,30.4,264,115.9,339,56.1,352,16.6,211,32.4,306,39.5,324
332,Fairleigh Dickinson,NEC,69.1,72,98.3,319,49.1,266,17.1,174,25.9,296,32.1,201,110.8,259,50.5,159,17.6,142,32.0,290,30.4,112
333,Southern Indiana,OVC,66.9,199,98.2,320,47.9,305,17.2,183,27.9,240,30.7,254,114.8,322,51.8,235,16.7,210,31.3,256,35.6,250
334,Evansville,MVC,66.8,209,98.2,321,48.8,277,17.7,219,22.6,345,31.1,237,106.3,164,50.2,143,16.7,203,29.2,155,34.6,221
335,Fairfield,MAAC,66.0,247,98.2,322,46.3,335,15.5,63,28.6,223,25.4,349,114.1,314,53.7,306,18.2,108,31.0,243,31.0,125
336,Southern Utah,WAC,68.9,86,98.1,323,46.8,331,21.6,357,30.1,174,36.2,87,109.3,229,49.9,128,15.1,313,32.0,293,33.0,176
337,Lafayette,PL,66.1,240,98.1,324,50.2,209,16.6,142,24.0,332,30.5,257,108.7,218,50.4,150,16.7,204,28.0,87,26.9,38
338,Hofstra,CAA,63.6,348,97.9,325,48.9,274,17.6,209,25.8,305,25.3,350,102.4,93,45.9,9,16.4,229,28.6,115,38.0,299
339,Louisiana,SB,66.2,235,97.7,326,45.7,346,16.0,99,25.9,298,29.8,279,111.2,265,51.3,207,19.1,69,35.5,356,43.8,354
340,Central Arkansas,ASun,66.3,228,97.6,327,47.4,319,18.2,251,28.5,225,28.8,310,115.8,336,56.8,359,16.7,205,30.0,197,22.6,9
341,Abilene Christian,WAC,69.4,67,97.6,328,46.7,332,20.7,350,30.1,178,37.2,61,102.1,86,51.4,213,24.0,1,31.5,265,51.3,364
342,Morehead St.,OVC,63.9,336,97.6,329,45.9,342,18.4,265,31.2,140,37.6,54,112.4,292,50.3,146,14.4,332,25.4,18,34.7,223
343,Southern Miss,SB,70.8,28,97.6,330,47.9,304,19.5,315,28.1,235,33.8,154,108.9,222,50.2,144,16.1,252,30.2,209,35.4,242
344,Alcorn St.,SWAC,64.6,315,97.6,331,46.1,339,19.6,323,33.6,71,30.4,263,112.2,281,53.0,277,18.3,99,32.5,314,31.5,140
345,Bethune Cookman,SWAC,69.0,76,97.3,332,48.2,297,19.5,316,28.8,216,35.9,94,107.9,201,48.8,82,16.7,201,30.0,198,32.4,163
346,Marist,MAAC,64.0,332,97.1,333,49.9,230,18.4,266,30.6,160,22.4,363,106.2,162,46.9,23,16.4,235,25.6,20,33.2,185
347,UC Davis,BW,66.9,202,97.1,334,46.3,336,19.7,325,27.6,245,38.3,42,103.6,106,50.0,134,21.8,16,33.6,330,39.2,315
348,North Carolina A&T,CAA,69.0,77,96.9,335,45.8,345,15.4,53,27.0,265,31.2,232,113.3,308,51.5,219,15.3,304,31.4,262,30.0,100
349,West Georgia,ASun,68.0,132,96.8,336,47.2,324,16.2,119,26.1,293,28.8,309,115.1,328,56.1,353,16.6,219,29.2,151,36.3,269
350,Texas Southern,SWAC,69.9,52,96.6,337,47.5,318,19.8,329,30.5,165,28.9,304,106.2,159,47.4,36,19.6,57,34.7,351,36.2,264
351,FIU,CUSA,68.3,114,96.6,338,46.1,338,19.5,319,31.1,145,36.0,91,104.1,120,51.6,224,20.6,28,29.6,173,37.5,293
352,East Texas A&M,Slnd,67.3,177,96.5,339,49.2,265,22.5,362,28.1,233,28.0,321,111.6,274,53.8,314,19.9,49,35.9,359,36.5,274
353,Buffalo,MAC,70.7,29,96.2,340,48.8,275,19.5,320,24.8,322,32.7,187,113.8,311,54.2,323,16.2,245,31.3,260,31.2,131
354,Louisiana Monroe,SB,67.6,148,96.1,341,45.0,354,17.1,179,29.0,208,31.1,235,114.4,319,53.6,305,16.1,255,32.5,308,25.1,19
355,Maryland Eastern Shore,MEAC,65.5,274,95.8,342,45.7,348,19.7,326,27.1,262,35.6,104,118.4,357,55.3,348,15.5,294,34.1,343,40.6,340
356,Prairie View A&M,SWAC,70.1,48,95.5,343,48.2,298,16.7,151,24.5,326,33.8,155,117.7,353,56.2,354,20.0,46,39.1,364,40.5,338
357,Sacramento St.,BSky,65.5,278,95.3,344,48.0,301,20.3,338,27.4,255,31.3,229,113.2,307,55.1,347,17.1,180,27.6,70,39.2,318
358,Western Carolina,SC,70.3,39,95.2,345,45.4,350,19.0,297,25.8,301,27.0,331,112.3,287,51.1,194,13.5,349,29.4,160,34.0,209
359,Grambling St.,SWAC,63.8,341,95.2,346,47.3,320,19.2,305,26.3,284,35.1,119,109.1,226,49.3,105,18.3,98,31.1,248,31.3,133
360,Detroit Mercy,Horz,66.9,197,95.1,347,45.6,349,19.1,302,31.9,120,28.9,301,112.1,280,51.2,200,15.5,296,30.5,220,39.8,328
361,Stephen F. Austin,Slnd,67.4,169,95.1,348,46.7,333,22.2,361,34.6,46,32.3,195,104.6,128,49.2,100,20.2,40,33.1,321,34.1,211
362,Arkansas Pine Bluff,SWAC,71.3,17,95.0,349,50.3,207,20.4,341,26.3,282,32.8,184,121.1,359,56.3,355,16.8,194,34.6,349,40.5,337
363,The Citadel,SC,64.5,318,94.9,350,46.9,329,19.5,318,27.2,259,32.8,186,116.7,343,54.5,332,15.2,306,32.0,291,32.8,171
364,Saint Peter's,MAAC,63.8,337,94.9,351,44.7,357,20.6,343,37.0,10,34.7,129,106.3,165,47.3,33,17.7,139,31.0,242,37.6,294
365,LIU,NEC,64.8,308,94.9,352,47.7,313,20.1,335,32.3,107,27.6,325,105.2,139,48.0,55,19.2,66,27.0,51,43.5,352
366,Northern Illinois,MAC,68.8,89,94.3,353,47.2,325,16.3,125,17.8,364,31.6,218,112.4,291,53.2,291,16.6,217,30.7,226,44.0,356
367,Lindenwood,OVC,69.6,60,94.1,354,45.0,355,17.9,229,30.0,182,36.0,92,108.8,220,50.7,174,19.4,65,31.5,270,34.7,225
368,Cal St. Fullerton,BW,68.1,128,93.8,355,44.2,359,21.3,355,25.9,300,39.2,32,112.2,282,54.3,325,16.1,251,29.8,184,34.1,212
369,New Hampshire,AE,67.3,175,93.8,356,47.1,326,19.0,295,27.4,254,26.4,337,115.4,331,54.4,329,16.9,192,31.6,273,33.0,177
370,Eastern Illinois,OVC,66.1,238,93.5,357,44.1,360,18.7,284,30.0,180,33.0,179,106.9,177,51.0,186,20.8,25,30.9,240,39.7,326
371,NJIT,AE,66.4,219,93.2,358,45.3,351,18.0,235,27.7,244,27.4,328,113.5,310,50.0,134,13.8,344,31.8,283,38.6,307
372,Tarleton St.,WAC,65.5,277,93.0,359,45.9,343,25.1,364,28.1,234,41.5,19,103.4,104,52.1,244,23.3,3,33.9,339,48.4,362
373,Wagner,NEC,60.3,363,92.2,360,43.7,363,19.4,311,31.8,123,29.3,292,110.3,247,50.4,151,18.2,105,25.0,13,39.9,329
374,Alabama A&M,SWAC,71.0,22,92.0,361,45.1,353,21.9,360,33.9,62,38.6,39,115.5,334,54.3,327,21.0,22,34.6,350,46.7,359
375,Chicago St.,NEC,68.2,118,91.8,362,44.4,358,18.5,276,22.6,346,26.8,334,116.2,341,54.9,342,18.2,109,33.6,333,36.9,282
376,Coppin St.,MEAC,67.7,147,87.3,363,44.0,362,21.6,356,26.5,275,36.4,76,111.6,275,55.6,349,20.5,33,33.9,338,37.1,288
377,Mississippi Valley St.,SWAC,64.8,311,82.6,364,42.1,364,24.3,363,22.7,344,30.3,267,124.8,364,57.9,363,15.1,315,38.0,361,38.4,304
